AA,Time,R1_0,R1_1,R1_2,R1_3,R1_4,R1_5,R1_6,R1_7,R1_8,R2_0,R2_1,R2_2,R2_3,R2_4,R2_5,R2_6,R2_7,R2_8,R3_0,R3_1,R3_2,R3_3,R3_4,R3_5,R3_6,R3_7,R3_8,R4_0,R4_1,R4_2,R4_3,R4_4,R4_5,R4_6,R4_7,R4_8
0L0Y,0,0.121,0.127,0.123,0.124,0.125,0.123,0.128,0.124,0.128,0.118,0.124,0.125,0.126,0.135,0.124,0.123,0.129,0.121,0.119,0.128,0.125,0.124,0.125,0.124,0.124,0.124,0.123,0.12,0.121,0.122,0.13,0.125,0.131,0.122,0.121,0.124
0L0Y,0.3333,0.123,0.128,0.126,0.13,0.129,0.129,0.133,0.129,0.132,0.12,0.126,0.128,0.128,0.147,0.126,0.126,0.13,0.13,0.12,0.128,0.132,0.138,0.141,0.137,0.135,0.134,0.137,0.121,0.124,0.124,0.13,0.127,0.134,0.124,0.124,0.13
0L0Y,0.6667,0.125,0.131,0.129,0.132,0.132,0.132,0.137,0.134,0.135,0.122,0.126,0.128,0.131,0.155,0.132,0.132,0.138,0.135,0.122,0.13,0.135,0.14,0.142,0.141,0.139,0.141,0.143,0.122,0.125,0.125,0.132,0.132,0.141,0.132,0.131,0.133
0L0Y,1,0.125,0.132,0.13,0.133,0.134,0.134,0.138,0.133,0.135,0.123,0.127,0.13,0.135,0.161,0.135,0.133,0.139,0.134,0.123,0.131,0.135,0.141,0.145,0.143,0.141,0.14,0.142,0.124,0.126,0.126,0.134,0.136,0.143,0.134,0.133,0.133
0L0Y,1.3333,0.126,0.131,0.13,0.133,0.134,0.133,0.137,0.133,0.133,0.124,0.128,0.131,0.136,0.163,0.135,0.132,0.138,0.133,0.123,0.13,0.136,0.139,0.143,0.141,0.139,0.138,0.14,0.125,0.127,0.126,0.135,0.136,0.144,0.134,0.133,0.133
0L0Y,1.6667,0.126,0.131,0.129,0.133,0.134,0.134,0.137,0.133,0.134,0.124,0.128,0.132,0.136,0.162,0.134,0.132,0.138,0.133,0.124,0.13,0.135,0.138,0.141,0.139,0.136,0.137,0.138,0.125,0.128,0.127,0.136,0.137,0.144,0.134,0.133,0.132
0L0Y,2,0.127,0.131,0.129,0.132,0.134,0.134,0.138,0.133,0.133,0.125,0.129,0.132,0.135,0.162,0.134,0.133,0.138,0.133,0.125,0.131,0.133,0.138,0.138,0.137,0.136,0.136,0.138,0.127,0.128,0.129,0.136,0.136,0.144,0.134,0.133,0.132
0L0Y,2.3333,0.127,0.132,0.13,0.132,0.134,0.134,0.137,0.133,0.132,0.126,0.13,0.133,0.135,0.162,0.134,0.133,0.137,0.133,0.126,0.132,0.134,0.137,0.138,0.137,0.136,0.135,0.137,0.128,0.129,0.13,0.136,0.136,0.145,0.134,0.134,0.133
0L0Y,2.6667,0.128,0.132,0.13,0.132,0.134,0.134,0.137,0.133,0.132,0.126,0.131,0.133,0.136,0.162,0.135,0.133,0.138,0.133,0.126,0.133,0.134,0.137,0.138,0.137,0.136,0.135,0.137,0.129,0.13,0.131,0.137,0.136,0.146,0.134,0.134,0.133
0L0Y,3,0.128,0.132,0.13,0.132,0.134,0.133,0.137,0.133,0.133,0.126,0.131,0.134,0.137,0.162,0.136,0.133,0.139,0.133,0.127,0.134,0.135,0.137,0.138,0.137,0.136,0.135,0.137,0.13,0.132,0.132,0.139,0.137,0.147,0.135,0.135,0.134
0L0Y,3.3333,0.129,0.133,0.131,0.133,0.135,0.134,0.138,0.134,0.133,0.127,0.132,0.135,0.138,0.16,0.137,0.134,0.139,0.134,0.128,0.135,0.136,0.137,0.138,0.138,0.136,0.135,0.137,0.131,0.133,0.134,0.14,0.137,0.147,0.137,0.136,0.135
0L0Y,3.6667,0.129,0.133,0.131,0.132,0.135,0.134,0.139,0.134,0.134,0.127,0.132,0.135,0.138,0.159,0.138,0.135,0.139,0.134,0.129,0.136,0.137,0.137,0.138,0.138,0.137,0.135,0.137,0.132,0.134,0.134,0.141,0.138,0.148,0.138,0.137,0.136
0L0Y,4,0.13,0.134,0.132,0.133,0.136,0.135,0.139,0.135,0.134,0.128,0.133,0.135,0.139,0.158,0.138,0.135,0.14,0.134,0.13,0.137,0.137,0.137,0.138,0.139,0.137,0.136,0.137,0.134,0.135,0.136,0.142,0.139,0.149,0.139,0.138,0.137
0L0Y,4.3333,0.13,0.134,0.132,0.133,0.136,0.135,0.14,0.135,0.135,0.128,0.133,0.135,0.139,0.157,0.139,0.136,0.14,0.135,0.131,0.138,0.138,0.137,0.138,0.14,0.138,0.136,0.138,0.135,0.136,0.137,0.142,0.14,0.151,0.14,0.14,0.138
0L0Y,4.6667,0.131,0.134,0.132,0.133,0.136,0.135,0.14,0.136,0.135,0.129,0.134,0.136,0.139,0.156,0.14,0.136,0.141,0.135,0.131,0.139,0.139,0.138,0.138,0.141,0.139,0.137,0.138,0.136,0.137,0.137,0.143,0.141,0.153,0.141,0.141,0.138
0L0Y,5,0.131,0.134,0.133,0.133,0.137,0.136,0.141,0.137,0.135,0.129,0.134,0.136,0.14,0.155,0.141,0.137,0.141,0.135,0.132,0.14,0.139,0.138,0.139,0.142,0.139,0.137,0.138,0.137,0.137,0.138,0.144,0.142,0.155,0.141,0.141,0.139
0L0Y,5.3333,0.132,0.135,0.133,0.133,0.137,0.136,0.141,0.137,0.136,0.129,0.134,0.137,0.14,0.154,0.141,0.137,0.141,0.136,0.133,0.14,0.14,0.139,0.139,0.143,0.14,0.138,0.139,0.138,0.139,0.139,0.144,0.142,0.156,0.142,0.143,0.14
0L0Y,5.6667,0.132,0.135,0.133,0.134,0.139,0.137,0.142,0.138,0.136,0.13,0.135,0.137,0.141,0.153,0.143,0.138,0.142,0.136,0.134,0.141,0.141,0.14,0.139,0.144,0.142,0.139,0.14,0.139,0.14,0.14,0.145,0.143,0.158,0.143,0.144,0.142
0L0Y,6,0.133,0.135,0.133,0.134,0.139,0.137,0.142,0.138,0.136,0.13,0.135,0.137,0.141,0.152,0.143,0.138,0.143,0.136,0.134,0.142,0.141,0.14,0.14,0.145,0.142,0.139,0.14,0.14,0.14,0.14,0.146,0.143,0.159,0.144,0.145,0.142
0L0Y,6.3333,0.133,0.136,0.134,0.134,0.14,0.138,0.143,0.139,0.137,0.131,0.136,0.138,0.142,0.151,0.144,0.139,0.143,0.137,0.135,0.143,0.142,0.14,0.14,0.146,0.143,0.14,0.141,0.141,0.141,0.141,0.146,0.143,0.16,0.144,0.146,0.143
0L0Y,6.6667,0.134,0.136,0.134,0.135,0.14,0.138,0.143,0.14,0.137,0.131,0.136,0.138,0.142,0.149,0.145,0.14,0.144,0.138,0.136,0.143,0.142,0.141,0.14,0.146,0.144,0.14,0.142,0.141,0.142,0.142,0.147,0.143,0.161,0.145,0.147,0.145
0L0Y,7,0.134,0.136,0.134,0.135,0.141,0.138,0.144,0.141,0.138,0.131,0.137,0.139,0.142,0.146,0.146,0.141,0.144,0.138,0.137,0.144,0.143,0.141,0.141,0.147,0.145,0.141,0.142,0.142,0.143,0.143,0.148,0.144,0.162,0.146,0.149,0.146
0L0Y,7.3333,0.135,0.136,0.134,0.135,0.142,0.139,0.145,0.142,0.138,0.132,0.137,0.139,0.143,0.145,0.147,0.141,0.146,0.139,0.138,0.145,0.144,0.142,0.142,0.148,0.146,0.142,0.143,0.144,0.144,0.144,0.149,0.144,0.164,0.147,0.15,0.147
0L0Y,7.6667,0.135,0.137,0.135,0.135,0.142,0.141,0.147,0.144,0.141,0.132,0.138,0.14,0.144,0.143,0.149,0.144,0.147,0.14,0.139,0.146,0.145,0.143,0.142,0.149,0.148,0.143,0.145,0.144,0.145,0.145,0.149,0.145,0.165,0.149,0.152,0.149
0L0Y,8,0.136,0.137,0.135,0.136,0.143,0.141,0.148,0.143,0.141,0.132,0.138,0.14,0.144,0.14,0.151,0.145,0.148,0.14,0.139,0.147,0.146,0.143,0.143,0.15,0.149,0.145,0.146,0.145,0.147,0.146,0.15,0.146,0.166,0.149,0.154,0.15
0L0Y,8.3333,0.137,0.137,0.135,0.136,0.144,0.143,0.149,0.145,0.141,0.133,0.138,0.141,0.145,0.139,0.152,0.145,0.149,0.141,0.14,0.147,0.146,0.144,0.145,0.152,0.149,0.144,0.146,0.146,0.147,0.147,0.151,0.147,0.168,0.149,0.153,0.149
0L0Y,8.6667,0.138,0.138,0.136,0.136,0.144,0.144,0.149,0.146,0.14,0.133,0.139,0.141,0.146,0.139,0.153,0.145,0.149,0.141,0.14,0.148,0.147,0.145,0.146,0.152,0.151,0.146,0.148,0.147,0.149,0.148,0.152,0.148,0.17,0.15,0.156,0.152
0L0Y,9,0.138,0.138,0.136,0.137,0.145,0.144,0.15,0.147,0.142,0.133,0.14,0.142,0.146,0.14,0.155,0.146,0.15,0.141,0.141,0.149,0.148,0.146,0.146,0.154,0.152,0.146,0.149,0.148,0.15,0.149,0.154,0.148,0.171,0.15,0.157,0.153
0L0Y,9.3333,0.14,0.138,0.136,0.137,0.145,0.143,0.15,0.147,0.143,0.134,0.14,0.142,0.147,0.142,0.156,0.148,0.151,0.142,0.142,0.15,0.15,0.147,0.146,0.155,0.153,0.148,0.149,0.149,0.152,0.151,0.155,0.148,0.172,0.15,0.158,0.153
0L0Y,9.6667,0.14,0.139,0.136,0.137,0.146,0.143,0.151,0.147,0.143,0.134,0.141,0.143,0.148,0.144,0.157,0.149,0.151,0.142,0.143,0.15,0.152,0.147,0.145,0.157,0.154,0.149,0.149,0.15,0.153,0.152,0.156,0.149,0.174,0.15,0.159,0.155
0L0Y,10,0.142,0.139,0.136,0.137,0.146,0.144,0.151,0.147,0.143,0.135,0.142,0.144,0.149,0.144,0.159,0.151,0.152,0.142,0.144,0.151,0.153,0.148,0.147,0.158,0.155,0.148,0.15,0.152,0.155,0.153,0.157,0.149,0.174,0.15,0.159,0.155
0L0Y,10.3333,0.144,0.139,0.136,0.137,0.147,0.145,0.153,0.15,0.143,0.135,0.143,0.145,0.15,0.147,0.16,0.151,0.152,0.144,0.144,0.153,0.153,0.149,0.147,0.158,0.155,0.15,0.151,0.153,0.156,0.154,0.157,0.149,0.175,0.151,0.161,0.157
0L0Y,10.6667,0.141,0.139,0.136,0.137,0.15,0.147,0.15,0.149,0.141,0.135,0.142,0.143,0.149,0.146,0.158,0.148,0.151,0.142,0.145,0.152,0.151,0.147,0.149,0.157,0.154,0.15,0.151,0.154,0.156,0.153,0.158,0.149,0.176,0.149,0.161,0.156
0L0Y,11,0.144,0.14,0.137,0.137,0.148,0.145,0.153,0.151,0.143,0.136,0.143,0.145,0.151,0.148,0.161,0.152,0.152,0.144,0.146,0.154,0.154,0.149,0.148,0.16,0.158,0.15,0.151,0.155,0.158,0.155,0.158,0.15,0.176,0.148,0.162,0.156
0L0Y,11.3333,0.144,0.139,0.137,0.138,0.149,0.148,0.152,0.15,0.142,0.137,0.144,0.145,0.15,0.149,0.162,0.152,0.149,0.142,0.146,0.156,0.155,0.151,0.149,0.162,0.158,0.151,0.15,0.156,0.16,0.156,0.159,0.149,0.177,0.147,0.161,0.156
0L0Y,11.6667,0.145,0.14,0.137,0.138,0.149,0.147,0.152,0.149,0.145,0.138,0.145,0.147,0.152,0.148,0.163,0.153,0.151,0.142,0.147,0.155,0.156,0.15,0.147,0.163,0.159,0.151,0.15,0.157,0.161,0.157,0.159,0.15,0.177,0.148,0.162,0.157
0L0Y,12,0.147,0.143,0.14,0.14,0.151,0.149,0.153,0.151,0.143,0.138,0.145,0.147,0.153,0.148,0.163,0.152,0.15,0.143,0.149,0.157,0.156,0.152,0.149,0.163,0.159,0.152,0.151,0.159,0.162,0.158,0.16,0.15,0.178,0.147,0.163,0.158
0L0Y,12.3333,0.146,0.14,0.137,0.139,0.15,0.148,0.154,0.153,0.142,0.139,0.146,0.148,0.154,0.149,0.164,0.153,0.15,0.143,0.149,0.157,0.158,0.152,0.149,0.164,0.159,0.152,0.151,0.16,0.163,0.158,0.161,0.15,0.179,0.146,0.164,0.159
0L0Y,12.6667,0.147,0.141,0.139,0.139,0.15,0.147,0.154,0.152,0.143,0.14,0.147,0.148,0.153,0.149,0.164,0.154,0.15,0.144,0.149,0.157,0.159,0.151,0.149,0.164,0.158,0.151,0.152,0.16,0.164,0.158,0.159,0.15,0.18,0.144,0.164,0.159
0L0Y,13,0.149,0.143,0.141,0.139,0.15,0.148,0.155,0.152,0.144,0.14,0.147,0.149,0.154,0.148,0.165,0.154,0.15,0.145,0.15,0.158,0.159,0.153,0.148,0.165,0.159,0.151,0.152,0.162,0.165,0.159,0.16,0.15,0.181,0.147,0.166,0.16
0L0Y,13.3333,0.149,0.144,0.141,0.141,0.152,0.151,0.154,0.153,0.141,0.139,0.147,0.149,0.155,0.146,0.165,0.153,0.147,0.143,0.151,0.16,0.159,0.155,0.149,0.166,0.16,0.153,0.152,0.163,0.166,0.16,0.162,0.151,0.181,0.146,0.166,0.161
0L0Y,13.6667,0.15,0.143,0.139,0.139,0.151,0.149,0.155,0.154,0.143,0.141,0.148,0.149,0.154,0.148,0.166,0.155,0.148,0.145,0.152,0.16,0.16,0.154,0.147,0.166,0.159,0.152,0.153,0.164,0.167,0.159,0.161,0.151,0.182,0.143,0.167,0.16
0L0Y,14,0.148,0.141,0.138,0.139,0.151,0.149,0.154,0.152,0.142,0.14,0.148,0.148,0.154,0.147,0.166,0.156,0.149,0.143,0.151,0.159,0.16,0.154,0.147,0.167,0.16,0.151,0.152,0.165,0.167,0.159,0.162,0.151,0.182,0.147,0.167,0.161
0L0Y,14.3333,0.151,0.144,0.142,0.141,0.152,0.15,0.155,0.155,0.139,0.141,0.149,0.15,0.155,0.146,0.168,0.155,0.147,0.145,0.153,0.161,0.162,0.157,0.148,0.167,0.16,0.152,0.153,0.166,0.169,0.16,0.161,0.152,0.183,0.141,0.167,0.158
0L0Y,14.6667,0.151,0.142,0.14,0.14,0.152,0.151,0.154,0.154,0.139,0.141,0.149,0.151,0.155,0.144,0.167,0.154,0.146,0.145,0.154,0.161,0.161,0.158,0.147,0.168,0.162,0.153,0.151,0.166,0.171,0.162,0.164,0.15,0.182,0.142,0.169,0.162
0L0Y,15,0.15,0.143,0.141,0.14,0.152,0.15,0.154,0.153,0.139,0.142,0.15,0.15,0.156,0.144,0.168,0.155,0.147,0.145,0.154,0.162,0.162,0.157,0.148,0.17,0.162,0.153,0.152,0.167,0.171,0.162,0.164,0.151,0.184,0.146,0.17,0.162
0L0Y,15.3333,0.149,0.142,0.139,0.14,0.152,0.151,0.154,0.152,0.138,0.142,0.149,0.149,0.155,0.144,0.169,0.155,0.145,0.144,0.154,0.162,0.162,0.157,0.145,0.17,0.162,0.154,0.151,0.168,0.172,0.162,0.164,0.15,0.184,0.141,0.17,0.163
0L0Y,15.6667,0.152,0.143,0.139,0.14,0.154,0.153,0.154,0.154,0.138,0.143,0.15,0.151,0.157,0.141,0.169,0.155,0.146,0.145,0.156,0.163,0.164,0.159,0.146,0.171,0.162,0.153,0.153,0.17,0.173,0.163,0.165,0.152,0.183,0.143,0.17,0.16
0L0Y,16,0.153,0.146,0.143,0.141,0.155,0.154,0.154,0.155,0.137,0.142,0.151,0.153,0.159,0.138,0.169,0.155,0.144,0.145,0.157,0.163,0.165,0.161,0.141,0.171,0.161,0.152,0.153,0.171,0.174,0.164,0.166,0.152,0.183,0.14,0.169,0.16
0L0Y,16.3333,0.151,0.144,0.142,0.14,0.154,0.152,0.153,0.154,0.137,0.144,0.151,0.151,0.157,0.14,0.17,0.155,0.144,0.144,0.156,0.164,0.165,0.159,0.141,0.171,0.162,0.152,0.153,0.171,0.175,0.163,0.165,0.152,0.184,0.14,0.169,0.16
0L0Y,16.6667,0.153,0.147,0.143,0.143,0.156,0.154,0.154,0.156,0.136,0.143,0.152,0.153,0.159,0.139,0.17,0.156,0.145,0.145,0.158,0.164,0.165,0.161,0.143,0.171,0.162,0.153,0.152,0.173,0.176,0.165,0.166,0.151,0.184,0.141,0.17,0.161
0L0Y,17,0.152,0.145,0.142,0.141,0.155,0.152,0.153,0.154,0.136,0.144,0.152,0.152,0.159,0.139,0.17,0.155,0.143,0.144,0.157,0.165,0.166,0.162,0.139,0.173,0.162,0.152,0.152,0.172,0.176,0.164,0.165,0.151,0.185,0.14,0.17,0.161
0L0Y,17.3333,0.151,0.144,0.141,0.141,0.154,0.152,0.152,0.154,0.136,0.144,0.152,0.152,0.158,0.137,0.17,0.155,0.143,0.144,0.157,0.166,0.165,0.162,0.139,0.174,0.162,0.151,0.152,0.174,0.177,0.163,0.164,0.15,0.185,0.14,0.17,0.161
0L0Y,17.6667,0.152,0.148,0.144,0.142,0.156,0.154,0.151,0.155,0.136,0.145,0.154,0.155,0.16,0.137,0.171,0.155,0.143,0.144,0.16,0.166,0.166,0.163,0.139,0.173,0.162,0.152,0.152,0.175,0.178,0.165,0.166,0.15,0.185,0.139,0.171,0.161
0L0Y,18,0.152,0.147,0.143,0.141,0.154,0.152,0.152,0.154,0.136,0.145,0.152,0.153,0.158,0.137,0.17,0.155,0.143,0.143,0.159,0.167,0.166,0.162,0.139,0.172,0.16,0.151,0.151,0.175,0.178,0.165,0.165,0.149,0.185,0.139,0.171,0.16
0L0Y,18.3333,0.151,0.148,0.144,0.143,0.156,0.153,0.15,0.153,0.136,0.145,0.155,0.155,0.16,0.137,0.171,0.153,0.143,0.142,0.161,0.164,0.166,0.163,0.139,0.174,0.162,0.15,0.15,0.177,0.18,0.166,0.166,0.146,0.185,0.139,0.17,0.161
0L0Y,18.6667,0.151,0.146,0.142,0.141,0.154,0.152,0.151,0.154,0.135,0.145,0.153,0.153,0.158,0.138,0.171,0.153,0.145,0.142,0.16,0.167,0.166,0.163,0.14,0.174,0.161,0.152,0.15,0.176,0.179,0.164,0.166,0.147,0.186,0.14,0.17,0.162
0L0Y,19,0.151,0.147,0.142,0.142,0.156,0.153,0.15,0.154,0.135,0.146,0.155,0.155,0.158,0.136,0.171,0.154,0.142,0.143,0.161,0.167,0.167,0.163,0.138,0.174,0.162,0.151,0.149,0.177,0.181,0.165,0.167,0.147,0.186,0.142,0.171,0.162
0L0Y,19.3333,0.15,0.147,0.143,0.141,0.155,0.153,0.149,0.153,0.135,0.145,0.155,0.154,0.159,0.136,0.17,0.152,0.142,0.142,0.16,0.167,0.167,0.164,0.138,0.175,0.162,0.151,0.149,0.178,0.181,0.165,0.166,0.147,0.185,0.138,0.171,0.162
0L0Y,19.6667,0.149,0.149,0.144,0.142,0.156,0.153,0.147,0.153,0.135,0.145,0.155,0.154,0.16,0.136,0.169,0.151,0.142,0.142,0.162,0.167,0.167,0.164,0.138,0.175,0.161,0.152,0.148,0.179,0.181,0.165,0.166,0.145,0.186,0.138,0.173,0.16
0L0Y,20,0.149,0.145,0.143,0.141,0.156,0.152,0.148,0.152,0.135,0.145,0.154,0.154,0.158,0.136,0.168,0.15,0.142,0.142,0.162,0.167,0.167,0.163,0.138,0.175,0.162,0.151,0.148,0.18,0.182,0.166,0.166,0.146,0.186,0.139,0.173,0.16
0L0Y,20.3333,0.148,0.146,0.142,0.141,0.156,0.152,0.149,0.152,0.135,0.146,0.157,0.156,0.16,0.14,0.171,0.152,0.143,0.142,0.16,0.167,0.168,0.166,0.14,0.178,0.162,0.151,0.148,0.179,0.184,0.167,0.166,0.147,0.187,0.139,0.174,0.16
0L0Y,20.6667,0.148,0.148,0.143,0.141,0.156,0.152,0.148,0.151,0.135,0.145,0.156,0.155,0.16,0.136,0.171,0.15,0.142,0.142,0.162,0.167,0.168,0.166,0.138,0.178,0.162,0.151,0.149,0.18,0.184,0.167,0.166,0.147,0.187,0.137,0.173,0.159
0L0Y,21,0.147,0.149,0.143,0.143,0.158,0.152,0.142,0.152,0.135,0.146,0.157,0.155,0.16,0.137,0.17,0.15,0.142,0.142,0.162,0.165,0.168,0.165,0.138,0.178,0.163,0.151,0.149,0.182,0.184,0.167,0.166,0.141,0.187,0.136,0.174,0.16
0L0Y,21.3333,0.146,0.147,0.143,0.141,0.157,0.152,0.142,0.152,0.135,0.146,0.157,0.155,0.159,0.135,0.169,0.148,0.142,0.142,0.163,0.166,0.168,0.165,0.137,0.179,0.163,0.15,0.149,0.182,0.185,0.167,0.166,0.141,0.187,0.136,0.173,0.161
0L0Y,21.6667,0.145,0.147,0.14,0.142,0.155,0.151,0.144,0.15,0.134,0.145,0.156,0.153,0.159,0.135,0.169,0.147,0.141,0.143,0.164,0.165,0.168,0.165,0.137,0.179,0.163,0.148,0.149,0.182,0.184,0.166,0.166,0.144,0.187,0.137,0.172,0.162
0L0Y,22,0.145,0.146,0.143,0.14,0.157,0.152,0.141,0.151,0.134,0.145,0.158,0.156,0.159,0.135,0.169,0.149,0.141,0.142,0.162,0.167,0.169,0.166,0.137,0.181,0.162,0.149,0.149,0.182,0.186,0.168,0.165,0.141,0.186,0.135,0.174,0.161
0L0Y,22.3333,0.145,0.148,0.142,0.142,0.157,0.152,0.144,0.151,0.134,0.146,0.159,0.157,0.16,0.139,0.171,0.149,0.143,0.142,0.162,0.167,0.169,0.166,0.136,0.181,0.162,0.15,0.147,0.184,0.187,0.168,0.164,0.146,0.187,0.14,0.175,0.161
0L0Y,22.6667,0.145,0.146,0.141,0.139,0.156,0.152,0.145,0.151,0.133,0.145,0.159,0.156,0.16,0.137,0.172,0.15,0.141,0.141,0.163,0.167,0.169,0.167,0.136,0.18,0.163,0.149,0.147,0.183,0.188,0.168,0.165,0.146,0.186,0.138,0.176,0.159
0L0Y,23,0.144,0.149,0.143,0.142,0.157,0.151,0.141,0.149,0.134,0.146,0.159,0.156,0.16,0.134,0.172,0.148,0.141,0.142,0.164,0.166,0.169,0.166,0.136,0.182,0.162,0.15,0.147,0.186,0.189,0.168,0.165,0.141,0.186,0.135,0.177,0.159
0L0Y,23.3333,0.143,0.147,0.143,0.142,0.158,0.152,0.14,0.15,0.134,0.147,0.16,0.155,0.16,0.134,0.172,0.15,0.141,0.141,0.163,0.167,0.168,0.166,0.136,0.183,0.163,0.15,0.147,0.185,0.188,0.167,0.165,0.139,0.187,0.134,0.176,0.16
0L0Y,23.6667,0.14,0.149,0.143,0.142,0.157,0.151,0.14,0.15,0.133,0.147,0.159,0.156,0.16,0.134,0.172,0.146,0.141,0.142,0.165,0.166,0.169,0.167,0.135,0.183,0.162,0.15,0.147,0.186,0.19,0.169,0.165,0.139,0.187,0.134,0.176,0.159
0L0Y,24,0.14,0.149,0.141,0.142,0.156,0.15,0.142,0.149,0.133,0.147,0.159,0.155,0.159,0.134,0.172,0.148,0.141,0.142,0.165,0.164,0.169,0.166,0.135,0.184,0.162,0.15,0.147,0.186,0.19,0.169,0.165,0.145,0.186,0.134,0.177,0.16
1L1Y,0,0.114,0.117,0.115,0.118,,,,,,0.114,0.116,0.117,0.118,,,,,,0.117,0.116,0.117,0.12,,,,,,0.116,0.118,0.116,0.124,,,,,
1L1Y,0.3333,0.116,0.121,0.119,0.124,,,,,,0.118,0.117,0.119,0.12,,,,,,0.119,0.118,0.125,0.131,,,,,,0.118,0.12,0.118,0.126,,,,,
1L1Y,0.6667,0.118,0.125,0.122,0.126,,,,,,0.119,0.118,0.121,0.126,,,,,,0.12,0.122,0.128,0.131,,,,,,0.12,0.121,0.12,0.129,,,,,
1L1Y,1,0.118,0.125,0.123,0.127,,,,,,0.12,0.119,0.122,0.128,,,,,,0.121,0.123,0.13,0.135,,,,,,0.121,0.122,0.121,0.133,,,,,
1L1Y,1.3333,0.119,0.122,0.123,0.128,,,,,,0.12,0.12,0.123,0.128,,,,,,0.122,0.123,0.13,0.135,,,,,,0.122,0.123,0.123,0.133,,,,,
1L1Y,1.6667,0.119,0.123,0.123,0.126,,,,,,0.122,0.121,0.124,0.127,,,,,,0.122,0.123,0.129,0.133,,,,,,0.122,0.124,0.123,0.133,,,,,
1L1Y,2,0.12,0.125,0.123,0.127,,,,,,0.12,0.122,0.124,0.127,,,,,,0.124,0.123,0.128,0.132,,,,,,0.123,0.124,0.124,0.132,,,,,
1L1Y,2.3333,0.121,0.125,0.123,0.127,,,,,,0.123,0.122,0.125,0.128,,,,,,0.124,0.124,0.128,0.131,,,,,,0.124,0.126,0.125,0.133,,,,,
1L1Y,2.6667,0.122,0.126,0.123,0.126,,,,,,0.122,0.123,0.126,0.128,,,,,,0.125,0.125,0.128,0.131,,,,,,0.124,0.126,0.126,0.134,,,,,
1L1Y,3,0.125,0.126,0.123,0.127,,,,,,0.122,0.124,0.126,0.128,,,,,,0.126,0.126,0.128,0.131,,,,,,0.125,0.125,0.127,0.135,,,,,
1L1Y,3.3333,0.126,0.127,0.123,0.126,,,,,,0.123,0.124,0.126,0.129,,,,,,0.127,0.126,0.128,0.13,,,,,,0.126,0.129,0.127,0.135,,,,,
1L1Y,3.6667,0.125,0.127,0.124,0.126,,,,,,0.123,0.124,0.127,0.129,,,,,,0.127,0.127,0.128,0.131,,,,,,0.127,0.126,0.128,0.136,,,,,
1L1Y,4,0.127,0.127,0.124,0.127,,,,,,0.124,0.125,0.128,0.13,,,,,,0.129,0.128,0.129,0.131,,,,,,0.127,0.126,0.129,0.137,,,,,
1L1Y,4.3333,0.128,0.127,0.125,0.127,,,,,,0.125,0.125,0.128,0.13,,,,,,0.129,0.128,0.13,0.131,,,,,,0.128,0.128,0.13,0.138,,,,,
1L1Y,4.6667,0.124,0.127,0.125,0.127,,,,,,0.125,0.126,0.127,0.131,,,,,,0.129,0.129,0.131,0.132,,,,,,0.129,0.131,0.131,0.138,,,,,
1L1Y,5,0.127,0.129,0.125,0.127,,,,,,0.126,0.126,0.129,0.131,,,,,,0.13,0.13,0.131,0.132,,,,,,0.129,0.129,0.131,0.139,,,,,
1L1Y,5.3333,0.127,0.129,0.125,0.127,,,,,,0.126,0.127,0.129,0.132,,,,,,0.131,0.131,0.132,0.133,,,,,,0.13,0.131,0.132,0.14,,,,,
1L1Y,5.6667,0.128,0.128,0.125,0.128,,,,,,0.127,0.127,0.128,0.132,,,,,,0.131,0.131,0.133,0.133,,,,,,0.131,0.133,0.133,0.14,,,,,
1L1Y,6,0.129,0.129,0.126,0.128,,,,,,0.127,0.127,0.129,0.132,,,,,,0.133,0.132,0.133,0.134,,,,,,0.131,0.131,0.134,0.141,,,,,
1L1Y,6.3333,0.131,0.129,0.126,0.128,,,,,,0.128,0.128,0.129,0.133,,,,,,0.133,0.132,0.134,0.135,,,,,,0.132,0.132,0.134,0.141,,,,,
1L1Y,6.6667,0.129,0.128,0.126,0.128,,,,,,0.128,0.128,0.131,0.133,,,,,,0.133,0.133,0.135,0.135,,,,,,0.133,0.133,0.135,0.142,,,,,
1L1Y,7,0.131,0.13,0.126,0.128,,,,,,0.128,0.128,0.13,0.134,,,,,,0.135,0.133,0.135,0.136,,,,,,0.134,0.133,0.136,0.143,,,,,
1L1Y,7.3333,0.129,0.127,0.126,0.128,,,,,,0.129,0.128,0.13,0.134,,,,,,0.135,0.134,0.136,0.136,,,,,,0.134,0.134,0.137,0.144,,,,,
1L1Y,7.6667,0.128,0.128,0.126,0.13,,,,,,0.129,0.129,0.132,0.135,,,,,,0.136,0.134,0.137,0.137,,,,,,0.133,0.134,0.137,0.144,,,,,
1L1Y,8,0.13,0.127,0.126,0.128,,,,,,0.13,0.129,0.132,0.136,,,,,,0.137,0.135,0.136,0.137,,,,,,0.134,0.139,0.138,0.144,,,,,
1L1Y,8.3333,0.133,0.13,0.126,0.129,,,,,,0.13,0.129,0.132,0.136,,,,,,0.138,0.135,0.137,0.138,,,,,,0.136,0.14,0.139,0.146,,,,,
1L1Y,8.6667,0.132,0.129,0.126,0.129,,,,,,0.131,0.129,0.133,0.136,,,,,,0.139,0.136,0.138,0.139,,,,,,0.135,0.137,0.14,0.146,,,,,
1L1Y,9,0.133,0.13,0.126,0.129,,,,,,0.131,0.13,0.133,0.136,,,,,,0.14,0.137,0.14,0.139,,,,,,0.135,0.137,0.141,0.144,,,,,
1L1Y,9.3333,0.133,0.131,0.126,0.129,,,,,,0.132,0.13,0.132,0.137,,,,,,0.14,0.137,0.139,0.14,,,,,,0.138,0.138,0.141,0.148,,,,,
1L1Y,9.6667,0.134,0.13,0.126,0.129,,,,,,0.133,0.13,0.133,0.137,,,,,,0.142,0.138,0.14,0.14,,,,,,0.138,0.139,0.142,0.149,,,,,
1L1Y,10,0.134,0.13,0.126,0.13,,,,,,0.133,0.13,0.133,0.137,,,,,,0.143,0.138,0.141,0.141,,,,,,0.139,0.139,0.143,0.147,,,,,
1L1Y,10.3333,0.135,0.131,0.126,0.13,,,,,,0.133,0.13,0.133,0.138,,,,,,0.143,0.139,0.14,0.141,,,,,,0.138,0.142,0.143,0.149,,,,,
1L1Y,10.6667,0.134,0.131,0.126,0.13,,,,,,0.134,0.131,0.135,0.138,,,,,,0.145,0.139,0.142,0.141,,,,,,0.139,0.141,0.144,0.149,,,,,
1L1Y,11,0.135,0.131,0.126,0.13,,,,,,0.134,0.131,0.134,0.139,,,,,,0.146,0.14,0.142,0.142,,,,,,0.139,0.142,0.145,0.15,,,,,
1L1Y,11.3333,0.132,0.131,0.126,0.129,,,,,,0.135,0.131,0.134,0.139,,,,,,0.146,0.14,0.143,0.142,,,,,,0.141,0.146,0.145,0.15,,,,,
1L1Y,11.6667,0.136,0.131,0.126,0.13,,,,,,0.136,0.132,0.135,0.141,,,,,,0.147,0.141,0.143,0.143,,,,,,0.139,0.144,0.146,0.15,,,,,
1L1Y,12,0.134,0.132,0.126,0.129,,,,,,0.136,0.132,0.135,0.14,,,,,,0.148,0.141,0.143,0.143,,,,,,0.142,0.146,0.147,0.151,,,,,
1L1Y,12.3333,0.133,0.132,0.126,0.129,,,,,,0.137,0.132,0.135,0.141,,,,,,0.15,0.141,0.145,0.144,,,,,,0.142,0.145,0.147,0.151,,,,,
1L1Y,12.6667,0.133,0.129,0.126,0.131,,,,,,0.137,0.132,0.135,0.14,,,,,,0.151,0.142,0.144,0.144,,,,,,0.141,0.146,0.148,0.152,,,,,
1L1Y,13,0.137,0.129,0.126,0.13,,,,,,0.138,0.132,0.135,0.14,,,,,,0.151,0.142,0.145,0.145,,,,,,0.142,0.148,0.149,0.152,,,,,
1L1Y,13.3333,0.137,0.131,0.126,0.131,,,,,,0.138,0.133,0.135,0.141,,,,,,0.152,0.142,0.145,0.145,,,,,,0.141,0.148,0.149,0.152,,,,,
1L1Y,13.6667,0.134,0.132,0.126,0.129,,,,,,0.138,0.133,0.136,0.14,,,,,,0.152,0.142,0.145,0.145,,,,,,0.142,0.149,0.15,0.153,,,,,
1L1Y,14,0.136,0.131,0.126,0.129,,,,,,0.139,0.133,0.136,0.141,,,,,,0.153,0.143,0.146,0.145,,,,,,0.141,0.151,0.151,0.154,,,,,
1L1Y,14.3333,0.138,0.131,0.126,0.129,,,,,,0.139,0.133,0.136,0.14,,,,,,0.154,0.144,0.148,0.146,,,,,,0.142,0.154,0.152,0.153,,,,,
1L1Y,14.6667,0.137,0.13,0.125,0.129,,,,,,0.14,0.133,0.136,0.139,,,,,,0.155,0.143,0.148,0.146,,,,,,0.143,0.15,0.152,0.152,,,,,
1L1Y,15,0.138,0.129,0.125,0.129,,,,,,0.14,0.134,0.136,0.141,,,,,,0.155,0.144,0.148,0.146,,,,,,0.142,0.151,0.153,0.155,,,,,
1L1Y,15.3333,0.136,0.129,0.125,0.129,,,,,,0.14,0.133,0.136,0.14,,,,,,0.156,0.145,0.148,0.146,,,,,,0.142,0.153,0.153,0.154,,,,,
1L1Y,15.6667,0.137,0.132,0.125,0.129,,,,,,0.141,0.134,0.136,0.14,,,,,,0.156,0.145,0.148,0.146,,,,,,0.142,0.153,0.154,0.155,,,,,
1L1Y,16,0.139,0.131,0.125,0.129,,,,,,0.141,0.134,0.136,0.14,,,,,,0.157,0.145,0.148,0.146,,,,,,0.142,0.154,0.154,0.155,,,,,
1L1Y,16.3333,0.139,0.132,0.125,0.129,,,,,,0.142,0.134,0.137,0.14,,,,,,0.157,0.146,0.149,0.147,,,,,,0.142,0.155,0.155,0.155,,,,,
1L1Y,16.6667,0.137,0.131,0.125,0.129,,,,,,0.142,0.135,0.137,0.14,,,,,,0.158,0.146,0.149,0.147,,,,,,0.141,0.155,0.155,0.155,,,,,
1L1Y,17,0.139,0.132,0.125,0.129,,,,,,0.144,0.135,0.137,0.141,,,,,,0.159,0.146,0.15,0.148,,,,,,0.141,0.156,0.156,0.155,,,,,
1L1Y,17.3333,0.139,0.131,0.125,0.129,,,,,,0.143,0.135,0.137,0.141,,,,,,0.159,0.146,0.149,0.148,,,,,,0.14,0.156,0.157,0.155,,,,,
1L1Y,17.6667,0.138,0.131,0.125,0.129,,,,,,0.143,0.136,0.138,0.14,,,,,,0.16,0.147,0.15,0.148,,,,,,0.141,0.157,0.157,0.155,,,,,
1L1Y,18,0.139,0.132,0.124,0.129,,,,,,0.143,0.136,0.138,0.141,,,,,,0.16,0.147,0.15,0.148,,,,,,0.14,0.158,0.158,0.155,,,,,
1L1Y,18.3333,0.14,0.132,0.124,0.129,,,,,,0.144,0.136,0.137,0.14,,,,,,0.161,0.147,0.15,0.148,,,,,,0.139,0.158,0.158,0.155,,,,,
1L1Y,18.6667,0.14,0.132,0.124,0.129,,,,,,0.144,0.137,0.138,0.141,,,,,,0.161,0.148,0.151,0.149,,,,,,0.139,0.161,0.159,0.156,,,,,
1L1Y,19,0.14,0.132,0.124,0.129,,,,,,0.145,0.137,0.138,0.141,,,,,,0.162,0.149,0.151,0.149,,,,,,0.138,0.161,0.159,0.155,,,,,
1L1Y,19.3333,0.139,0.132,0.125,0.129,,,,,,0.145,0.137,0.139,0.141,,,,,,0.163,0.149,0.152,0.149,,,,,,0.138,0.16,0.16,0.156,,,,,
1L1Y,19.6667,0.14,0.132,0.124,0.129,,,,,,0.145,0.137,0.138,0.141,,,,,,0.163,0.15,0.152,0.149,,,,,,0.137,0.162,0.161,0.156,,,,,
1L1Y,20,0.139,0.132,0.124,0.129,,,,,,0.146,0.138,0.139,0.141,,,,,,0.163,0.151,0.152,0.149,,,,,,0.137,0.161,0.161,0.156,,,,,
1L1Y,20.3333,0.141,0.132,0.124,0.129,,,,,,0.146,0.138,0.138,0.141,,,,,,0.162,0.151,0.152,0.149,,,,,,0.136,0.168,0.162,0.156,,,,,
1L1Y,20.6667,0.138,0.131,0.124,0.128,,,,,,0.146,0.138,0.138,0.14,,,,,,0.164,0.151,0.153,0.149,,,,,,0.136,0.162,0.162,0.155,,,,,
1L1Y,21,0.141,0.132,0.124,0.128,,,,,,0.146,0.139,0.138,0.14,,,,,,0.164,0.152,0.153,0.15,,,,,,0.135,0.162,0.163,0.156,,,,,
1L1Y,21.3333,0.142,0.132,0.124,0.128,,,,,,0.146,0.139,0.138,0.141,,,,,,0.164,0.152,0.153,0.15,,,,,,0.136,0.162,0.164,0.156,,,,,
1L1Y,21.6667,0.139,0.132,0.124,0.129,,,,,,0.147,0.14,0.139,0.14,,,,,,0.164,0.153,0.153,0.15,,,,,,0.135,0.162,0.164,0.156,,,,,
1L1Y,22,0.14,0.132,0.124,0.128,,,,,,0.147,0.14,0.139,0.141,,,,,,0.165,0.153,0.154,0.15,,,,,,0.134,0.162,0.164,0.156,,,,,
1L1Y,22.3333,0.139,0.131,0.124,0.128,,,,,,0.147,0.14,0.139,0.14,,,,,,0.165,0.154,0.154,0.15,,,,,,0.134,0.17,0.165,0.156,,,,,
1L1Y,22.6667,0.142,0.132,0.124,0.128,,,,,,0.147,0.14,0.138,0.139,,,,,,0.164,0.154,0.153,0.15,,,,,,0.134,0.163,0.165,0.156,,,,,
1L1Y,23,0.14,0.132,0.124,0.128,,,,,,0.147,0.141,0.139,0.141,,,,,,0.165,0.155,0.155,0.151,,,,,,0.134,0.163,0.166,0.156,,,,,
1L1Y,23.3333,0.143,0.132,0.124,0.128,,,,,,0.147,0.141,0.139,0.139,,,,,,0.165,0.155,0.155,0.151,,,,,,0.133,0.163,0.166,0.155,,,,,
1L1Y,23.6667,0.143,0.131,0.124,0.127,,,,,,0.147,0.141,0.139,0.14,,,,,,0.166,0.155,0.155,0.151,,,,,,0.133,0.163,0.167,0.155,,,,,
1L1Y,24,0.14,0.13,0.124,0.128,,,,,,0.148,0.142,0.139,0.142,,,,,,0.165,0.156,0.155,0.151,,,,,,0.133,0.164,0.168,0.156,,,,,
2L2Y,0,0.115,0.115,0.113,0.117,,,,,,0.121,0.116,0.13,0.123,,,,,,0.117,0.118,0.118,0.124,,,,,,0.119,0.115,0.124,0.123,,,,,
2L2Y,0.3333,0.121,0.122,0.119,0.123,,,,,,0.122,0.118,0.131,0.128,,,,,,0.13,0.131,0.131,0.135,,,,,,0.12,0.117,0.125,0.126,,,,,
2L2Y,0.6667,0.123,0.126,0.123,0.127,,,,,,0.124,0.125,0.141,0.133,,,,,,0.131,0.133,0.137,0.141,,,,,,0.122,0.124,0.129,0.133,,,,,
2L2Y,1,0.125,0.125,0.124,0.127,,,,,,0.127,0.127,0.142,0.134,,,,,,0.137,0.137,0.138,0.143,,,,,,0.124,0.126,0.132,0.135,,,,,
2L2Y,1.3333,0.125,0.125,0.124,0.126,,,,,,0.128,0.126,0.14,0.133,,,,,,0.134,0.135,0.137,0.142,,,,,,0.125,0.126,0.132,0.135,,,,,
2L2Y,1.6667,0.125,0.128,0.123,0.126,,,,,,0.128,0.125,0.141,0.133,,,,,,0.132,0.133,0.135,0.14,,,,,,0.125,0.125,0.131,0.135,,,,,
2L2Y,2,0.126,0.126,0.123,0.126,,,,,,0.128,0.125,0.139,0.132,,,,,,0.131,0.131,0.134,0.139,,,,,,0.126,0.125,0.13,0.133,,,,,
2L2Y,2.3333,0.126,0.127,0.122,0.126,,,,,,0.128,0.125,0.14,0.133,,,,,,0.13,0.13,0.133,0.137,,,,,,0.127,0.125,0.13,0.134,,,,,
2L2Y,2.6667,0.124,0.124,0.122,0.125,,,,,,0.129,0.125,0.138,0.133,,,,,,0.129,0.13,0.133,0.137,,,,,,0.127,0.126,0.131,0.134,,,,,
2L2Y,3,0.125,0.124,0.122,0.125,,,,,,0.129,0.126,0.14,0.133,,,,,,0.129,0.13,0.133,0.137,,,,,,0.128,0.126,0.131,0.135,,,,,
2L2Y,3.3333,0.124,0.124,0.122,0.126,,,,,,0.13,0.126,0.141,0.133,,,,,,0.129,0.129,0.133,0.136,,,,,,0.129,0.127,0.135,0.135,,,,,
2L2Y,3.6667,0.126,0.126,0.122,0.126,,,,,,0.13,0.127,0.14,0.133,,,,,,0.131,0.13,0.133,0.137,,,,,,0.13,0.128,0.135,0.135,,,,,
2L2Y,4,0.126,0.124,0.123,0.126,,,,,,0.13,0.127,0.142,0.135,,,,,,0.129,0.129,0.133,0.137,,,,,,0.13,0.129,0.135,0.136,,,,,
2L2Y,4.3333,0.126,0.125,0.123,0.126,,,,,,0.131,0.128,0.143,0.134,,,,,,0.129,0.129,0.134,0.138,,,,,,0.131,0.129,0.137,0.137,,,,,
2L2Y,4.6667,0.126,0.126,0.123,0.127,,,,,,0.132,0.128,0.144,0.136,,,,,,0.13,0.13,0.135,0.138,,,,,,0.131,0.13,0.137,0.138,,,,,
2L2Y,5,0.128,0.126,0.124,0.127,,,,,,0.132,0.129,0.144,0.135,,,,,,0.131,0.131,0.135,0.138,,,,,,0.132,0.131,0.137,0.139,,,,,
2L2Y,5.3333,0.127,0.126,0.124,0.127,,,,,,0.133,0.129,0.145,0.135,,,,,,0.131,0.131,0.136,0.14,,,,,,0.132,0.132,0.138,0.139,,,,,
2L2Y,5.6667,0.127,0.126,0.124,0.127,,,,,,0.134,0.13,0.145,0.135,,,,,,0.131,0.132,0.137,0.14,,,,,,0.133,0.132,0.14,0.14,,,,,
2L2Y,6,0.127,0.127,0.124,0.127,,,,,,0.134,0.13,0.145,0.136,,,,,,0.132,0.132,0.137,0.141,,,,,,0.133,0.133,0.139,0.14,,,,,
2L2Y,6.3333,0.127,0.128,0.124,0.128,,,,,,0.134,0.13,0.146,0.134,,,,,,0.132,0.133,0.138,0.141,,,,,,0.134,0.134,0.14,0.141,,,,,
2L2Y,6.6667,0.128,0.128,0.124,0.128,,,,,,0.134,0.131,0.145,0.134,,,,,,0.133,0.133,0.139,0.141,,,,,,0.134,0.134,0.14,0.141,,,,,
2L2Y,7,0.128,0.128,0.125,0.128,,,,,,0.134,0.131,0.145,0.137,,,,,,0.133,0.134,0.14,0.141,,,,,,0.134,0.135,0.141,0.142,,,,,
2L2Y,7.3333,0.128,0.127,0.125,0.128,,,,,,0.135,0.131,0.147,0.139,,,,,,0.134,0.135,0.137,0.142,,,,,,0.134,0.136,0.141,0.143,,,,,
2L2Y,7.6667,0.129,0.13,0.125,0.128,,,,,,0.135,0.131,0.143,0.13,,,,,,0.134,0.135,0.138,0.142,,,,,,0.135,0.136,0.142,0.143,,,,,
2L2Y,8,0.129,0.129,0.125,0.128,,,,,,0.136,0.132,0.146,0.137,,,,,,0.135,0.136,0.139,0.143,,,,,,0.135,0.137,0.141,0.144,,,,,
2L2Y,8.3333,0.13,0.128,0.125,0.128,,,,,,0.134,0.132,0.147,0.138,,,,,,0.135,0.136,0.144,0.143,,,,,,0.136,0.138,0.142,0.144,,,,,
2L2Y,8.6667,0.13,0.128,0.126,0.128,,,,,,0.136,0.132,0.147,0.136,,,,,,0.139,0.138,0.142,0.144,,,,,,0.136,0.138,0.142,0.144,,,,,
2L2Y,9,0.13,0.128,0.126,0.128,,,,,,0.136,0.133,0.148,0.138,,,,,,0.136,0.138,0.147,0.144,,,,,,0.136,0.139,0.143,0.146,,,,,
2L2Y,9.3333,0.13,0.128,0.125,0.128,,,,,,0.139,0.133,0.147,0.138,,,,,,0.136,0.138,0.146,0.145,,,,,,0.136,0.14,0.142,0.143,,,,,
2L2Y,9.6667,0.131,0.129,0.125,0.128,,,,,,0.137,0.133,0.147,0.138,,,,,,0.137,0.138,0.148,0.146,,,,,,0.136,0.14,0.142,0.146,,,,,
2L2Y,10,0.131,0.129,0.126,0.128,,,,,,0.139,0.133,0.147,0.135,,,,,,0.137,0.142,0.148,0.146,,,,,,0.136,0.141,0.143,0.147,,,,,
2L2Y,10.3333,0.131,0.13,0.126,0.128,,,,,,0.139,0.133,0.148,0.139,,,,,,0.138,0.139,0.143,0.147,,,,,,0.136,0.141,0.141,0.146,,,,,
2L2Y,10.6667,0.131,0.13,0.126,0.128,,,,,,0.14,0.133,0.15,0.14,,,,,,0.139,0.141,0.144,0.147,,,,,,0.137,0.142,0.143,0.147,,,,,
2L2Y,11,0.132,0.132,0.126,0.128,,,,,,0.137,0.134,0.149,0.138,,,,,,0.14,0.141,0.146,0.148,,,,,,0.136,0.142,0.143,0.146,,,,,
2L2Y,11.3333,0.132,0.129,0.125,0.128,,,,,,0.139,0.134,0.15,0.14,,,,,,0.138,0.141,0.146,0.139,,,,,,0.136,0.143,0.142,0.145,,,,,
2L2Y,11.6667,0.133,0.13,0.126,0.129,,,,,,0.139,0.135,0.151,0.141,,,,,,0.139,0.141,0.147,0.141,,,,,,0.136,0.143,0.142,0.146,,,,,
2L2Y,12,0.132,0.133,0.126,0.128,,,,,,0.14,0.134,0.136,0.138,,,,,,0.14,0.142,0.146,0.146,,,,,,0.136,0.144,0.142,0.146,,,,,
2L2Y,12.3333,0.133,0.13,0.126,0.128,,,,,,0.14,0.134,0.149,0.14,,,,,,0.139,0.143,0.147,0.149,,,,,,0.135,0.145,0.14,0.147,,,,,
2L2Y,12.6667,0.133,0.132,0.126,0.128,,,,,,0.14,0.134,0.136,0.138,,,,,,0.14,0.143,0.15,0.145,,,,,,0.136,0.145,0.141,0.147,,,,,
2L2Y,13,0.133,0.13,0.126,0.128,,,,,,0.14,0.135,0.142,0.139,,,,,,0.14,0.143,0.147,0.15,,,,,,0.135,0.146,0.14,0.147,,,,,
2L2Y,13.3333,0.133,0.131,0.125,0.128,,,,,,0.139,0.134,0.137,0.139,,,,,,0.14,0.144,0.147,0.145,,,,,,0.135,0.146,0.139,0.154,,,,,
2L2Y,13.6667,0.134,0.132,0.126,0.128,,,,,,0.14,0.135,0.149,0.141,,,,,,0.14,0.144,0.149,0.15,,,,,,0.135,0.147,0.139,0.155,,,,,
2L2Y,14,0.134,0.132,0.125,0.128,,,,,,0.139,0.135,0.153,0.141,,,,,,0.141,0.145,0.152,0.142,,,,,,0.135,0.147,0.138,0.155,,,,,
2L2Y,14.3333,0.134,0.129,0.125,0.128,,,,,,0.138,0.135,0.14,0.136,,,,,,0.141,0.145,0.154,0.149,,,,,,0.135,0.147,0.139,0.156,,,,,
2L2Y,14.6667,0.134,0.13,0.125,0.127,,,,,,0.139,0.135,0.147,0.136,,,,,,0.141,0.145,0.151,0.151,,,,,,0.135,0.148,0.139,0.153,,,,,
2L2Y,15,0.134,0.129,0.125,0.127,,,,,,0.138,0.135,0.153,0.14,,,,,,0.141,0.145,0.152,0.152,,,,,,0.134,0.148,0.137,0.151,,,,,
2L2Y,15.3333,0.134,0.129,0.125,0.127,,,,,,0.137,0.134,0.153,0.139,,,,,,0.141,0.149,0.149,0.148,,,,,,0.134,0.149,0.137,0.154,,,,,
2L2Y,15.6667,0.134,0.129,0.125,0.127,,,,,,0.136,0.134,0.15,0.137,,,,,,0.144,0.147,0.15,0.149,,,,,,0.133,0.149,0.136,0.157,,,,,
2L2Y,16,0.134,0.129,0.125,0.127,,,,,,0.136,0.134,0.134,0.131,,,,,,0.144,0.146,0.151,0.153,,,,,,0.133,0.149,0.136,0.154,,,,,
2L2Y,16.3333,0.135,0.129,0.125,0.127,,,,,,0.135,0.134,0.151,0.141,,,,,,0.142,0.146,0.15,0.148,,,,,,0.133,0.149,0.136,0.156,,,,,
2L2Y,16.6667,0.134,0.128,0.125,0.127,,,,,,0.135,0.134,0.153,0.139,,,,,,0.142,0.147,0.157,0.157,,,,,,0.133,0.15,0.136,0.158,,,,,
2L2Y,17,0.135,0.131,0.125,0.126,,,,,,0.135,0.134,0.135,0.14,,,,,,0.142,0.146,0.156,0.156,,,,,,0.133,0.15,0.135,0.158,,,,,
2L2Y,17.3333,0.134,0.129,0.125,0.126,,,,,,0.136,0.134,0.134,0.138,,,,,,0.143,0.147,0.154,0.153,,,,,,0.133,0.15,0.135,0.159,,,,,
2L2Y,17.6667,0.135,0.129,0.125,0.126,,,,,,0.136,0.134,0.152,0.138,,,,,,0.142,0.148,0.157,0.157,,,,,,0.133,0.151,0.135,0.159,,,,,
2L2Y,18,0.135,0.128,0.125,0.126,,,,,,0.136,0.134,0.15,0.136,,,,,,0.143,0.151,0.157,0.153,,,,,,0.134,0.151,0.135,0.16,,,,,
2L2Y,18.3333,0.135,0.127,0.124,0.126,,,,,,0.134,0.134,0.146,0.138,,,,,,0.142,0.147,0.152,0.153,,,,,,0.133,0.151,0.135,0.159,,,,,
2L2Y,18.6667,0.135,0.128,0.125,0.126,,,,,,0.136,0.134,0.143,0.138,,,,,,0.146,0.148,0.153,0.158,,,,,,0.132,0.151,0.135,0.161,,,,,
2L2Y,19,0.136,0.128,0.124,0.126,,,,,,0.135,0.134,0.143,0.141,,,,,,0.142,0.15,0.156,0.151,,,,,,0.131,0.152,0.135,0.158,,,,,
2L2Y,19.3333,0.135,0.129,0.124,0.126,,,,,,0.134,0.134,0.143,0.141,,,,,,0.143,0.148,0.157,0.156,,,,,,0.132,0.152,0.135,0.161,,,,,
2L2Y,19.6667,0.135,0.129,0.124,0.126,,,,,,0.135,0.134,0.142,0.135,,,,,,0.143,0.148,0.153,0.158,,,,,,0.132,0.152,0.134,0.16,,,,,
2L2Y,20,0.135,0.127,0.124,0.126,,,,,,0.134,0.134,0.152,0.14,,,,,,0.142,0.149,0.155,0.158,,,,,,0.131,0.152,0.134,0.161,,,,,
2L2Y,20.3333,0.135,0.127,0.124,0.125,,,,,,0.134,0.134,0.145,0.14,,,,,,0.142,0.149,0.154,0.157,,,,,,0.132,0.152,0.134,0.162,,,,,
2L2Y,20.6667,0.135,0.127,0.124,0.125,,,,,,0.133,0.134,0.145,0.138,,,,,,0.142,0.148,0.158,0.157,,,,,,0.132,0.152,0.134,0.162,,,,,
2L2Y,21,0.135,0.125,0.124,0.125,,,,,,0.133,0.134,0.138,0.132,,,,,,0.142,0.149,0.157,0.153,,,,,,0.132,0.152,0.135,0.161,,,,,
2L2Y,21.3333,0.135,0.128,0.124,0.125,,,,,,0.133,0.134,0.147,0.135,,,,,,0.142,0.149,0.154,0.158,,,,,,0.132,0.152,0.135,0.161,,,,,
2L2Y,21.6667,0.135,0.125,0.124,0.125,,,,,,0.133,0.134,0.149,0.14,,,,,,0.143,0.15,0.154,0.158,,,,,,0.132,0.152,0.135,0.162,,,,,
2L2Y,22,0.135,0.125,0.124,0.125,,,,,,0.134,0.133,0.143,0.14,,,,,,0.143,0.149,0.159,0.158,,,,,,0.132,0.152,0.135,0.161,,,,,
2L2Y,22.3333,0.135,0.126,0.123,0.124,,,,,,0.133,0.133,0.148,0.132,,,,,,0.143,0.152,0.158,0.158,,,,,,0.133,0.153,0.133,0.164,,,,,
2L2Y,22.6667,0.135,0.127,0.123,0.124,,,,,,0.133,0.133,0.138,0.132,,,,,,0.143,0.15,0.158,0.158,,,,,,0.133,0.152,0.136,0.162,,,,,
2L2Y,23,0.136,0.128,0.124,0.124,,,,,,0.132,0.134,0.152,0.139,,,,,,0.144,0.151,0.153,0.158,,,,,,0.133,0.153,0.133,0.163,,,,,
2L2Y,23.3333,0.135,0.128,0.123,0.124,,,,,,0.133,0.133,0.149,0.14,,,,,,0.146,0.154,0.158,0.157,,,,,,0.133,0.153,0.135,0.164,,,,,
2L2Y,23.6667,0.135,0.127,0.123,0.124,,,,,,0.132,0.133,0.147,0.134,,,,,,0.144,0.151,0.156,0.157,,,,,,0.133,0.153,0.137,0.163,,,,,
2L2Y,24,0.135,0.128,0.123,0.124,,,,,,0.132,0.134,0.151,0.139,,,,,,0.144,0.153,0.157,0.155,,,,,,0.133,0.153,0.139,0.164,,,,,
3L3Y,0,0.115,0.118,0.118,0.117,,,,,,0.118,0.122,0.116,0.122,,,,,,0.117,0.117,0.122,0.119,,,,,,0.118,0.117,0.118,0.115,,,,,
3L3Y,0.3333,0.122,0.125,0.125,0.123,,,,,,0.143,0.127,0.125,0.131,,,,,,0.128,0.127,0.13,0.124,,,,,,0.121,0.124,0.128,0.124,,,,,
3L3Y,0.6667,0.125,0.129,0.128,0.126,,,,,,0.129,0.131,0.129,0.133,,,,,,0.135,0.134,0.139,0.133,,,,,,0.128,0.129,0.132,0.129,,,,,
3L3Y,1,0.125,0.129,0.128,0.126,,,,,,0.131,0.133,0.129,0.135,,,,,,0.136,0.134,0.139,0.133,,,,,,0.128,0.129,0.133,0.128,,,,,
3L3Y,1.3333,0.125,0.128,0.128,0.126,,,,,,0.13,0.133,0.128,0.134,,,,,,0.135,0.132,0.136,0.131,,,,,,0.129,0.129,0.132,0.127,,,,,
3L3Y,1.6667,0.124,0.128,0.127,0.125,,,,,,0.13,0.131,0.127,0.132,,,,,,0.133,0.13,0.135,0.129,,,,,,0.128,0.128,0.128,0.127,,,,,
3L3Y,2,0.124,0.127,0.127,0.125,,,,,,0.128,0.131,0.127,0.132,,,,,,0.131,0.129,0.132,0.128,,,,,,0.127,0.127,0.127,0.126,,,,,
3L3Y,2.3333,0.124,0.127,0.126,0.125,,,,,,0.126,0.131,0.126,0.133,,,,,,0.13,0.128,0.133,0.128,,,,,,0.128,0.127,0.129,0.126,,,,,
3L3Y,2.6667,0.124,0.127,0.126,0.125,,,,,,0.127,0.13,0.126,0.13,,,,,,0.13,0.127,0.132,0.126,,,,,,0.128,0.127,0.127,0.126,,,,,
3L3Y,3,0.124,0.127,0.125,0.124,,,,,,0.128,0.13,0.126,0.133,,,,,,0.13,0.127,0.132,0.128,,,,,,0.127,0.127,0.128,0.126,,,,,
3L3Y,3.3333,0.124,0.127,0.125,0.125,,,,,,0.129,0.131,0.126,0.133,,,,,,0.13,0.127,0.132,0.127,,,,,,0.129,0.127,0.13,0.127,,,,,
3L3Y,3.6667,0.124,0.127,0.125,0.125,,,,,,0.128,0.131,0.126,0.13,,,,,,0.13,0.127,0.133,0.129,,,,,,0.129,0.128,0.127,0.128,,,,,
3L3Y,4,0.124,0.127,0.126,0.126,,,,,,0.13,0.132,0.126,0.134,,,,,,0.13,0.128,0.133,0.129,,,,,,0.13,0.129,0.131,0.128,,,,,
3L3Y,4.3333,0.124,0.128,0.126,0.126,,,,,,0.129,0.132,0.126,0.134,,,,,,0.131,0.128,0.133,0.13,,,,,,0.13,0.129,0.129,0.129,,,,,
3L3Y,4.6667,0.125,0.128,0.126,0.126,,,,,,0.13,0.132,0.126,0.133,,,,,,0.131,0.128,0.134,0.13,,,,,,0.131,0.13,0.13,0.13,,,,,
3L3Y,5,0.125,0.128,0.126,0.127,,,,,,0.131,0.131,0.127,0.132,,,,,,0.131,0.129,0.135,0.131,,,,,,0.131,0.13,0.131,0.131,,,,,
3L3Y,5.3333,0.125,0.128,0.126,0.127,,,,,,0.132,0.133,0.127,0.135,,,,,,0.132,0.129,0.134,0.131,,,,,,0.131,0.131,0.133,0.132,,,,,
3L3Y,5.6667,0.125,0.128,0.127,0.127,,,,,,0.131,0.133,0.127,0.135,,,,,,0.132,0.13,0.135,0.13,,,,,,0.132,0.131,0.132,0.132,,,,,
3L3Y,6,0.126,0.129,0.127,0.127,,,,,,0.131,0.133,0.127,0.136,,,,,,0.133,0.13,0.136,0.131,,,,,,0.132,0.132,0.132,0.133,,,,,
3L3Y,6.3333,0.126,0.129,0.127,0.127,,,,,,0.132,0.134,0.128,0.133,,,,,,0.133,0.13,0.136,0.132,,,,,,0.133,0.132,0.134,0.133,,,,,
3L3Y,6.6667,0.126,0.129,0.127,0.127,,,,,,0.132,0.133,0.128,0.136,,,,,,0.133,0.13,0.131,0.131,,,,,,0.134,0.133,0.134,0.134,,,,,
3L3Y,7,0.126,0.129,0.127,0.127,,,,,,0.131,0.133,0.128,0.136,,,,,,0.134,0.13,0.137,0.131,,,,,,0.133,0.133,0.134,0.134,,,,,
3L3Y,7.3333,0.126,0.129,0.127,0.127,,,,,,0.133,0.133,0.128,0.134,,,,,,0.134,0.131,0.133,0.132,,,,,,0.134,0.134,0.137,0.135,,,,,
3L3Y,7.6667,0.126,0.129,0.127,0.127,,,,,,0.132,0.133,0.128,0.136,,,,,,0.134,0.131,0.134,0.132,,,,,,0.133,0.134,0.136,0.135,,,,,
3L3Y,8,0.126,0.129,0.127,0.127,,,,,,0.131,0.133,0.128,0.136,,,,,,0.135,0.131,0.135,0.132,,,,,,0.135,0.135,0.136,0.136,,,,,
3L3Y,8.3333,0.126,0.129,0.127,0.127,,,,,,0.132,0.134,0.128,0.137,,,,,,0.135,0.131,0.139,0.135,,,,,,0.134,0.135,0.138,0.137,,,,,
3L3Y,8.6667,0.126,0.129,0.127,0.128,,,,,,0.132,0.135,0.128,0.137,,,,,,0.136,0.132,0.133,0.133,,,,,,0.134,0.136,0.137,0.137,,,,,
3L3Y,9,0.126,0.129,0.127,0.127,,,,,,0.132,0.134,0.128,0.137,,,,,,0.136,0.132,0.14,0.136,,,,,,0.134,0.136,0.137,0.137,,,,,
3L3Y,9.3333,0.126,0.129,0.127,0.127,,,,,,0.133,0.134,0.128,0.134,,,,,,0.136,0.132,0.14,0.136,,,,,,0.134,0.136,0.14,0.138,,,,,
3L3Y,9.6667,0.126,0.129,0.127,0.127,,,,,,0.134,0.134,0.128,0.137,,,,,,0.136,0.132,0.137,0.136,,,,,,0.135,0.137,0.138,0.138,,,,,
3L3Y,10,0.126,0.129,0.127,0.127,,,,,,0.133,0.134,0.128,0.137,,,,,,0.137,0.132,0.135,0.135,,,,,,0.135,0.137,0.139,0.138,,,,,
3L3Y,10.3333,0.126,0.128,0.127,0.127,,,,,,0.133,0.134,0.128,0.137,,,,,,0.137,0.132,0.135,0.136,,,,,,0.135,0.138,0.139,0.139,,,,,
3L3Y,10.6667,0.126,0.128,0.127,0.127,,,,,,0.133,0.134,0.128,0.137,,,,,,0.137,0.132,0.141,0.136,,,,,,0.136,0.138,0.139,0.139,,,,,
3L3Y,11,0.126,0.128,0.126,0.127,,,,,,0.133,0.134,0.128,0.137,,,,,,0.138,0.132,0.134,0.138,,,,,,0.136,0.138,0.141,0.139,,,,,
3L3Y,11.3333,0.126,0.128,0.126,0.127,,,,,,0.134,0.134,0.128,0.134,,,,,,0.138,0.132,0.138,0.136,,,,,,0.138,0.139,0.14,0.139,,,,,
3L3Y,11.6667,0.126,0.128,0.127,0.127,,,,,,0.134,0.134,0.129,0.135,,,,,,0.139,0.133,0.135,0.137,,,,,,0.136,0.139,0.141,0.14,,,,,
3L3Y,12,0.126,0.128,0.126,0.127,,,,,,0.136,0.134,0.129,0.136,,,,,,0.138,0.132,0.135,0.136,,,,,,0.136,0.139,0.141,0.14,,,,,
3L3Y,12.3333,0.125,0.128,0.126,0.127,,,,,,0.135,0.132,0.128,0.134,,,,,,0.138,0.132,0.135,0.136,,,,,,0.137,0.139,0.141,0.14,,,,,
3L3Y,12.6667,0.126,0.127,0.126,0.127,,,,,,0.136,0.134,0.128,0.136,,,,,,0.139,0.132,0.135,0.137,,,,,,0.141,0.14,0.142,0.14,,,,,
3L3Y,13,0.125,0.127,0.126,0.127,,,,,,0.136,0.136,0.128,0.136,,,,,,0.139,0.132,0.135,0.139,,,,,,0.137,0.14,0.142,0.141,,,,,
3L3Y,13.3333,0.125,0.127,0.125,0.126,,,,,,0.133,0.134,0.128,0.133,,,,,,0.139,0.132,0.134,0.136,,,,,,0.137,0.14,0.141,0.14,,,,,
3L3Y,13.6667,0.125,0.127,0.125,0.126,,,,,,0.136,0.135,0.128,0.131,,,,,,0.139,0.132,0.135,0.136,,,,,,0.137,0.14,0.142,0.141,,,,,
3L3Y,14,0.125,0.127,0.125,0.126,,,,,,0.133,0.13,0.128,0.136,,,,,,0.139,0.132,0.138,0.139,,,,,,0.137,0.14,0.142,0.141,,,,,
3L3Y,14.3333,0.125,0.127,0.125,0.126,,,,,,0.134,0.134,0.127,0.137,,,,,,0.14,0.132,0.135,0.137,,,,,,0.138,0.141,0.142,0.141,,,,,
3L3Y,14.6667,0.125,0.128,0.125,0.126,,,,,,0.134,0.133,0.127,0.137,,,,,,0.14,0.132,0.135,0.136,,,,,,0.138,0.14,0.142,0.141,,,,,
3L3Y,15,0.125,0.126,0.124,0.126,,,,,,0.135,0.13,0.127,0.135,,,,,,0.14,0.132,0.142,0.137,,,,,,0.138,0.141,0.142,0.141,,,,,
3L3Y,15.3333,0.124,0.126,0.124,0.126,,,,,,0.134,0.134,0.127,0.136,,,,,,0.14,0.132,0.137,0.137,,,,,,0.138,0.14,0.142,0.141,,,,,
3L3Y,15.6667,0.124,0.126,0.124,0.125,,,,,,0.135,0.134,0.127,0.134,,,,,,0.14,0.132,0.141,0.138,,,,,,0.138,0.14,0.142,0.141,,,,,
3L3Y,16,0.124,0.126,0.124,0.125,,,,,,0.135,0.132,0.127,0.133,,,,,,0.14,0.131,0.134,0.136,,,,,,0.138,0.141,0.142,0.141,,,,,
3L3Y,16.3333,0.124,0.125,0.124,0.125,,,,,,0.136,0.13,0.127,0.134,,,,,,0.141,0.132,0.139,0.137,,,,,,0.14,0.141,0.142,0.141,,,,,
3L3Y,16.6667,0.124,0.125,0.124,0.125,,,,,,0.134,0.131,0.127,0.135,,,,,,0.14,0.132,0.138,0.137,,,,,,0.139,0.141,0.142,0.141,,,,,
3L3Y,17,0.124,0.125,0.123,0.125,,,,,,0.135,0.132,0.127,0.135,,,,,,0.14,0.132,0.14,0.136,,,,,,0.138,0.141,0.142,0.141,,,,,
3L3Y,17.3333,0.124,0.125,0.123,0.124,,,,,,0.136,0.133,0.127,0.135,,,,,,0.141,0.131,0.134,0.136,,,,,,0.138,0.141,0.142,0.141,,,,,
3L3Y,17.6667,0.124,0.125,0.123,0.124,,,,,,0.135,0.13,0.126,0.136,,,,,,0.14,0.132,0.135,0.136,,,,,,0.14,0.141,0.142,0.141,,,,,
3L3Y,18,0.123,0.124,0.123,0.124,,,,,,0.133,0.132,0.127,0.135,,,,,,0.141,0.131,0.135,0.136,,,,,,0.138,0.141,0.142,0.141,,,,,
3L3Y,18.3333,0.123,0.124,0.123,0.124,,,,,,0.135,0.133,0.126,0.133,,,,,,0.141,0.131,0.134,0.136,,,,,,0.138,0.141,0.143,0.141,,,,,
3L3Y,18.6667,0.123,0.124,0.123,0.124,,,,,,0.136,0.133,0.126,0.133,,,,,,0.141,0.131,0.141,0.137,,,,,,0.138,0.141,0.142,0.141,,,,,
3L3Y,19,0.123,0.124,0.122,0.124,,,,,,0.134,0.13,0.126,0.132,,,,,,0.141,0.131,0.141,0.137,,,,,,0.138,0.141,0.142,0.141,,,,,
3L3Y,19.3333,0.123,0.124,0.122,0.124,,,,,,0.134,0.129,0.127,0.135,,,,,,0.141,0.131,0.134,0.137,,,,,,0.139,0.141,0.142,0.141,,,,,
3L3Y,19.6667,0.123,0.124,0.122,0.123,,,,,,0.136,0.133,0.126,0.132,,,,,,0.141,0.131,0.14,0.136,,,,,,0.139,0.141,0.142,0.14,,,,,
3L3Y,20,0.123,0.123,0.122,0.123,,,,,,0.135,0.133,0.126,0.131,,,,,,0.141,0.131,0.139,0.136,,,,,,0.138,0.141,0.142,0.14,,,,,
3L3Y,20.3333,0.123,0.123,0.122,0.123,,,,,,0.134,0.129,0.126,0.134,,,,,,0.14,0.13,0.141,0.135,,,,,,0.138,0.141,0.142,0.14,,,,,
3L3Y,20.6667,0.122,0.123,0.121,0.123,,,,,,0.135,0.132,0.125,0.131,,,,,,0.14,0.13,0.139,0.135,,,,,,0.138,0.14,0.141,0.14,,,,,
3L3Y,21,0.122,0.123,0.121,0.123,,,,,,0.135,0.131,0.126,0.132,,,,,,0.14,0.13,0.136,0.135,,,,,,0.139,0.14,0.142,0.14,,,,,
3L3Y,21.3333,0.122,0.123,0.121,0.123,,,,,,0.134,0.131,0.126,0.133,,,,,,0.14,0.13,0.134,0.135,,,,,,0.138,0.14,0.141,0.139,,,,,
3L3Y,21.6667,0.122,0.122,0.121,0.123,,,,,,0.135,0.131,0.125,0.134,,,,,,0.14,0.13,0.135,0.135,,,,,,0.138,0.14,0.142,0.139,,,,,
3L3Y,22,0.122,0.122,0.121,0.123,,,,,,0.133,0.13,0.125,0.133,,,,,,0.14,0.129,0.136,0.135,,,,,,0.138,0.14,0.143,0.139,,,,,
3L3Y,22.3333,0.122,0.122,0.12,0.122,,,,,,0.134,0.13,0.125,0.132,,,,,,0.14,0.129,0.134,0.135,,,,,,0.139,0.14,0.141,0.139,,,,,
3L3Y,22.6667,0.121,0.122,0.12,0.122,,,,,,0.132,0.13,0.125,0.132,,,,,,0.139,0.129,0.132,0.134,,,,,,0.14,0.14,0.14,0.138,,,,,
3L3Y,23,0.122,0.122,0.12,0.122,,,,,,0.134,0.13,0.125,0.128,,,,,,0.141,0.13,0.133,0.137,,,,,,0.138,0.14,0.142,0.139,,,,,
3L3Y,23.3333,0.121,0.122,0.12,0.122,,,,,,0.133,0.131,0.124,0.131,,,,,,0.14,0.129,0.139,0.134,,,,,,0.141,0.139,0.14,0.138,,,,,
3L3Y,23.6667,0.121,0.124,0.12,0.122,,,,,,0.132,0.13,0.124,0.132,,,,,,0.139,0.129,0.132,0.134,,,,,,0.139,0.139,0.142,0.138,,,,,
3L3Y,24,0.121,0.122,0.12,0.122,,,,,,0.132,0.13,0.124,0.133,,,,,,0.14,0.129,0.132,0.136,,,,,,0.138,0.14,0.14,0.138,,,,,
0L0F,0,0.129,0.128,0.128,0.132,0.141,0.137,0.13,0.132,0.136,0.133,0.135,0.134,0.133,0.135,0.137,0.126,0.129,0.14,0.133,0.134,0.133,0.134,0.13,0.13,0.126,0.127,0.132,0.136,0.127,0.132,0.133,0.129,0.131,0.13,0.128,0.13
0L0F,0.3333,0.131,0.132,0.138,0.146,0.158,0.154,0.146,0.147,0.15,0.135,0.136,0.136,0.135,0.137,0.14,0.127,0.132,0.146,0.135,0.134,0.141,0.149,0.147,0.145,0.14,0.141,0.147,0.137,0.128,0.134,0.135,0.131,0.132,0.131,0.132,0.139
0L0F,0.6667,0.133,0.136,0.142,0.148,0.16,0.157,0.15,0.154,0.158,0.137,0.139,0.138,0.14,0.143,0.147,0.136,0.141,0.152,0.137,0.138,0.146,0.148,0.148,0.149,0.144,0.147,0.151,0.139,0.13,0.136,0.14,0.136,0.14,0.139,0.14,0.145
0L0F,1,0.137,0.139,0.143,0.15,0.163,0.161,0.153,0.154,0.158,0.139,0.14,0.141,0.144,0.147,0.15,0.138,0.144,0.154,0.139,0.141,0.147,0.154,0.152,0.151,0.146,0.15,0.154,0.142,0.133,0.138,0.144,0.141,0.143,0.14,0.141,0.145
0L0F,1.3333,0.142,0.139,0.143,0.149,0.163,0.159,0.152,0.153,0.156,0.142,0.141,0.144,0.145,0.148,0.151,0.137,0.145,0.153,0.141,0.141,0.146,0.154,0.152,0.151,0.146,0.149,0.153,0.144,0.135,0.141,0.145,0.141,0.143,0.14,0.142,0.145
0L0F,1.6667,0.143,0.14,0.144,0.149,0.162,0.158,0.151,0.152,0.155,0.144,0.143,0.145,0.145,0.148,0.151,0.136,0.144,0.153,0.144,0.144,0.146,0.152,0.151,0.149,0.144,0.148,0.151,0.145,0.137,0.143,0.146,0.142,0.144,0.141,0.142,0.145
0L0F,2,0.145,0.14,0.143,0.147,0.161,0.156,0.149,0.149,0.154,0.146,0.144,0.146,0.147,0.149,0.151,0.136,0.144,0.153,0.145,0.145,0.147,0.152,0.151,0.148,0.144,0.146,0.15,0.147,0.139,0.144,0.148,0.143,0.144,0.141,0.142,0.145
0L0F,2.3333,0.146,0.142,0.142,0.147,0.16,0.155,0.147,0.15,0.153,0.147,0.145,0.147,0.146,0.15,0.152,0.136,0.144,0.154,0.147,0.145,0.147,0.152,0.152,0.148,0.142,0.146,0.149,0.148,0.14,0.145,0.148,0.145,0.145,0.141,0.143,0.145
0L0F,2.6667,0.148,0.143,0.143,0.147,0.16,0.155,0.146,0.148,0.153,0.149,0.147,0.149,0.147,0.151,0.153,0.137,0.145,0.155,0.148,0.148,0.148,0.152,0.151,0.148,0.142,0.146,0.149,0.15,0.141,0.149,0.149,0.146,0.146,0.141,0.145,0.145
0L0F,3,0.149,0.144,0.144,0.146,0.159,0.154,0.145,0.147,0.153,0.151,0.148,0.15,0.148,0.152,0.155,0.137,0.146,0.156,0.15,0.147,0.149,0.152,0.151,0.148,0.142,0.146,0.15,0.151,0.143,0.148,0.15,0.147,0.148,0.143,0.145,0.146
0L0F,3.3333,0.151,0.145,0.145,0.147,0.159,0.154,0.145,0.147,0.154,0.152,0.15,0.152,0.15,0.153,0.155,0.138,0.147,0.158,0.151,0.148,0.15,0.153,0.151,0.148,0.142,0.146,0.15,0.152,0.146,0.15,0.151,0.148,0.148,0.143,0.145,0.147
0L0F,3.6667,0.153,0.146,0.147,0.148,0.159,0.154,0.145,0.148,0.155,0.154,0.15,0.153,0.151,0.154,0.156,0.139,0.148,0.159,0.153,0.15,0.152,0.153,0.152,0.15,0.142,0.147,0.151,0.153,0.146,0.151,0.152,0.149,0.15,0.145,0.146,0.148
0L0F,4,0.157,0.148,0.148,0.149,0.16,0.155,0.145,0.149,0.156,0.156,0.151,0.154,0.152,0.156,0.157,0.139,0.149,0.16,0.154,0.151,0.152,0.154,0.152,0.15,0.143,0.147,0.151,0.155,0.147,0.152,0.153,0.15,0.15,0.145,0.147,0.148
0L0F,4.3333,0.156,0.149,0.149,0.15,0.161,0.154,0.145,0.149,0.157,0.157,0.152,0.156,0.153,0.157,0.158,0.14,0.15,0.161,0.155,0.152,0.153,0.155,0.153,0.151,0.143,0.148,0.152,0.156,0.148,0.153,0.154,0.152,0.152,0.146,0.148,0.149
0L0F,4.6667,0.158,0.15,0.15,0.151,0.161,0.154,0.146,0.151,0.158,0.159,0.153,0.156,0.154,0.158,0.159,0.141,0.151,0.163,0.157,0.153,0.155,0.156,0.154,0.151,0.144,0.149,0.153,0.157,0.149,0.154,0.155,0.152,0.153,0.148,0.15,0.15
0L0F,5,0.159,0.151,0.151,0.152,0.162,0.155,0.147,0.151,0.159,0.16,0.155,0.158,0.155,0.159,0.16,0.141,0.151,0.164,0.158,0.155,0.155,0.157,0.155,0.152,0.145,0.15,0.154,0.158,0.15,0.155,0.156,0.154,0.154,0.148,0.151,0.151
0L0F,5.3333,0.161,0.152,0.152,0.154,0.163,0.155,0.147,0.152,0.161,0.162,0.156,0.159,0.156,0.161,0.162,0.142,0.152,0.165,0.16,0.156,0.157,0.158,0.156,0.153,0.146,0.151,0.156,0.159,0.151,0.156,0.161,0.155,0.155,0.15,0.152,0.152
0L0F,5.6667,0.162,0.153,0.153,0.154,0.166,0.157,0.148,0.154,0.162,0.163,0.157,0.16,0.159,0.162,0.163,0.142,0.154,0.166,0.16,0.158,0.157,0.159,0.157,0.155,0.148,0.153,0.157,0.16,0.154,0.158,0.162,0.156,0.157,0.151,0.153,0.153
0L0F,6,0.163,0.155,0.154,0.157,0.164,0.157,0.148,0.153,0.163,0.165,0.158,0.161,0.16,0.163,0.163,0.143,0.154,0.169,0.161,0.158,0.159,0.16,0.158,0.156,0.148,0.153,0.158,0.162,0.154,0.159,0.159,0.157,0.158,0.152,0.154,0.154
0L0F,6.3333,0.165,0.156,0.155,0.157,0.166,0.157,0.149,0.155,0.164,0.167,0.159,0.163,0.16,0.164,0.164,0.144,0.155,0.168,0.162,0.159,0.16,0.161,0.16,0.157,0.149,0.154,0.159,0.162,0.158,0.16,0.16,0.158,0.159,0.153,0.155,0.159
0L0F,6.6667,0.166,0.157,0.156,0.157,0.166,0.159,0.15,0.154,0.165,0.167,0.159,0.164,0.161,0.166,0.166,0.145,0.156,0.169,0.163,0.16,0.16,0.162,0.16,0.158,0.15,0.155,0.16,0.165,0.157,0.161,0.161,0.159,0.16,0.155,0.157,0.156
0L0F,7,0.166,0.158,0.156,0.157,0.168,0.159,0.15,0.154,0.166,0.168,0.16,0.164,0.16,0.167,0.167,0.145,0.157,0.169,0.164,0.161,0.161,0.162,0.162,0.158,0.151,0.155,0.16,0.167,0.157,0.161,0.162,0.159,0.16,0.155,0.158,0.156
0L0F,7.3333,0.168,0.158,0.157,0.164,0.169,0.16,0.151,0.155,0.168,0.169,0.161,0.165,0.161,0.17,0.168,0.146,0.157,0.171,0.166,0.163,0.162,0.163,0.163,0.16,0.152,0.156,0.161,0.165,0.159,0.162,0.163,0.16,0.161,0.156,0.159,0.157
0L0F,7.6667,0.169,0.16,0.157,0.159,0.169,0.16,0.152,0.155,0.169,0.17,0.162,0.167,0.162,0.169,0.168,0.147,0.159,0.172,0.166,0.162,0.163,0.164,0.163,0.16,0.153,0.157,0.162,0.166,0.159,0.163,0.163,0.161,0.162,0.159,0.16,0.158
0L0F,8,0.172,0.161,0.158,0.16,0.17,0.16,0.152,0.156,0.17,0.172,0.163,0.167,0.163,0.17,0.169,0.148,0.159,0.173,0.167,0.163,0.164,0.165,0.164,0.161,0.154,0.158,0.163,0.166,0.161,0.164,0.164,0.161,0.166,0.158,0.16,0.158
0L0F,8.3333,0.172,0.162,0.159,0.161,0.171,0.161,0.154,0.156,0.171,0.172,0.164,0.169,0.163,0.172,0.171,0.149,0.159,0.176,0.167,0.166,0.165,0.165,0.165,0.162,0.155,0.159,0.163,0.167,0.162,0.165,0.165,0.162,0.164,0.159,0.161,0.159
0L0F,8.6667,0.172,0.162,0.16,0.162,0.173,0.161,0.155,0.155,0.172,0.174,0.164,0.17,0.164,0.173,0.172,0.15,0.16,0.176,0.168,0.164,0.165,0.166,0.166,0.165,0.155,0.159,0.164,0.17,0.163,0.166,0.166,0.162,0.165,0.164,0.162,0.159
0L0F,9,0.178,0.163,0.16,0.162,0.173,0.161,0.155,0.155,0.174,0.175,0.165,0.17,0.165,0.174,0.173,0.151,0.161,0.176,0.168,0.165,0.165,0.167,0.166,0.163,0.157,0.16,0.165,0.168,0.165,0.167,0.166,0.163,0.166,0.16,0.163,0.16
0L0F,9.3333,0.176,0.164,0.16,0.167,0.174,0.162,0.156,0.156,0.175,0.175,0.165,0.171,0.166,0.176,0.173,0.152,0.161,0.178,0.168,0.165,0.166,0.167,0.168,0.163,0.157,0.16,0.165,0.168,0.167,0.17,0.167,0.164,0.167,0.161,0.165,0.16
0L0F,9.6667,0.174,0.164,0.161,0.166,0.175,0.162,0.156,0.155,0.175,0.176,0.165,0.173,0.166,0.176,0.175,0.153,0.163,0.178,0.168,0.169,0.167,0.168,0.169,0.167,0.157,0.161,0.166,0.169,0.167,0.168,0.168,0.165,0.171,0.162,0.165,0.161
0L0F,10,0.175,0.166,0.162,0.166,0.177,0.162,0.157,0.156,0.176,0.177,0.166,0.173,0.167,0.178,0.175,0.153,0.162,0.178,0.169,0.166,0.168,0.169,0.169,0.164,0.158,0.162,0.167,0.169,0.169,0.169,0.168,0.166,0.174,0.163,0.166,0.161
0L0F,10.3333,0.182,0.165,0.162,0.167,0.178,0.163,0.158,0.156,0.179,0.178,0.167,0.174,0.167,0.179,0.176,0.153,0.163,0.18,0.169,0.168,0.169,0.17,0.17,0.165,0.16,0.163,0.168,0.17,0.171,0.173,0.17,0.166,0.172,0.164,0.168,0.163
0L0F,10.6667,0.177,0.166,0.163,0.167,0.178,0.162,0.158,0.156,0.179,0.179,0.168,0.181,0.168,0.181,0.177,0.155,0.164,0.181,0.169,0.167,0.169,0.173,0.173,0.166,0.162,0.163,0.169,0.169,0.172,0.171,0.176,0.167,0.171,0.165,0.169,0.164
0L0F,11,0.177,0.167,0.163,0.168,0.179,0.163,0.159,0.158,0.183,0.18,0.168,0.18,0.169,0.182,0.178,0.156,0.165,0.189,0.169,0.168,0.169,0.172,0.173,0.167,0.161,0.165,0.17,0.17,0.174,0.172,0.178,0.169,0.172,0.167,0.171,0.164
0L0F,11.3333,0.184,0.168,0.164,0.167,0.182,0.163,0.158,0.158,0.183,0.18,0.169,0.178,0.169,0.183,0.18,0.156,0.165,0.184,0.17,0.171,0.17,0.172,0.175,0.168,0.162,0.166,0.171,0.17,0.176,0.173,0.172,0.169,0.173,0.167,0.172,0.165
0L0F,11.6667,0.183,0.169,0.164,0.168,0.181,0.163,0.16,0.159,0.184,0.181,0.17,0.184,0.17,0.185,0.182,0.156,0.166,0.185,0.17,0.17,0.17,0.174,0.175,0.171,0.163,0.167,0.172,0.17,0.178,0.174,0.173,0.17,0.174,0.17,0.173,0.166
0L0F,12,0.186,0.169,0.165,0.174,0.182,0.163,0.16,0.16,0.187,0.182,0.17,0.186,0.171,0.186,0.185,0.157,0.167,0.187,0.17,0.17,0.171,0.173,0.178,0.17,0.164,0.168,0.173,0.171,0.178,0.179,0.175,0.171,0.176,0.169,0.175,0.167
0L0F,12.3333,0.181,0.169,0.165,0.171,0.182,0.163,0.16,0.16,0.187,0.183,0.171,0.181,0.171,0.187,0.182,0.157,0.168,0.188,0.17,0.17,0.173,0.173,0.176,0.171,0.164,0.171,0.174,0.17,0.18,0.177,0.175,0.179,0.18,0.17,0.176,0.168
0L0F,12.6667,0.182,0.17,0.166,0.173,0.186,0.164,0.16,0.161,0.189,0.184,0.171,0.182,0.172,0.189,0.185,0.158,0.168,0.19,0.17,0.174,0.172,0.175,0.179,0.172,0.166,0.17,0.175,0.171,0.181,0.177,0.176,0.175,0.178,0.171,0.177,0.169
0L0F,13,0.183,0.171,0.167,0.17,0.186,0.163,0.16,0.161,0.192,0.184,0.171,0.183,0.173,0.19,0.184,0.159,0.169,0.191,0.17,0.175,0.173,0.175,0.181,0.172,0.167,0.171,0.176,0.17,0.184,0.178,0.177,0.174,0.179,0.177,0.179,0.17
0L0F,13.3333,0.184,0.171,0.167,0.173,0.186,0.162,0.161,0.16,0.191,0.185,0.172,0.184,0.173,0.191,0.185,0.16,0.169,0.197,0.17,0.172,0.174,0.18,0.183,0.174,0.167,0.171,0.177,0.17,0.186,0.181,0.178,0.174,0.18,0.179,0.18,0.171
0L0F,13.6667,0.185,0.174,0.168,0.179,0.186,0.163,0.161,0.161,0.192,0.186,0.172,0.185,0.174,0.193,0.185,0.161,0.17,0.193,0.171,0.177,0.174,0.179,0.18,0.174,0.168,0.172,0.178,0.169,0.184,0.18,0.179,0.175,0.18,0.173,0.18,0.172
0L0F,14,0.189,0.173,0.17,0.172,0.186,0.162,0.161,0.161,0.194,0.187,0.173,0.186,0.174,0.194,0.185,0.162,0.17,0.194,0.171,0.174,0.175,0.182,0.181,0.175,0.168,0.173,0.178,0.169,0.185,0.181,0.18,0.176,0.181,0.174,0.181,0.173
0L0F,14.3333,0.19,0.175,0.169,0.173,0.187,0.164,0.161,0.162,0.195,0.188,0.174,0.188,0.175,0.196,0.186,0.163,0.172,0.196,0.171,0.175,0.176,0.181,0.182,0.178,0.17,0.175,0.18,0.17,0.187,0.184,0.181,0.177,0.183,0.175,0.183,0.175
0L0F,14.6667,0.193,0.176,0.17,0.176,0.188,0.163,0.162,0.162,0.197,0.188,0.174,0.189,0.176,0.197,0.186,0.164,0.178,0.197,0.171,0.177,0.181,0.181,0.183,0.177,0.171,0.175,0.181,0.169,0.187,0.187,0.182,0.178,0.184,0.176,0.184,0.175
0L0F,15,0.195,0.176,0.175,0.174,0.188,0.166,0.162,0.163,0.2,0.19,0.175,0.192,0.177,0.198,0.187,0.164,0.174,0.199,0.172,0.18,0.177,0.186,0.184,0.178,0.172,0.177,0.183,0.169,0.19,0.184,0.183,0.179,0.187,0.177,0.186,0.178
0L0F,15.3333,0.188,0.177,0.173,0.175,0.19,0.171,0.163,0.169,0.2,0.19,0.176,0.191,0.177,0.2,0.188,0.165,0.175,0.201,0.173,0.178,0.178,0.181,0.187,0.18,0.173,0.179,0.185,0.17,0.193,0.187,0.185,0.181,0.187,0.184,0.188,0.18
0L0F,15.6667,0.189,0.176,0.175,0.175,0.19,0.163,0.163,0.166,0.201,0.193,0.176,0.192,0.178,0.201,0.189,0.168,0.176,0.202,0.172,0.182,0.179,0.189,0.187,0.181,0.174,0.18,0.186,0.17,0.192,0.192,0.185,0.182,0.189,0.18,0.189,0.18
0L0F,16,0.192,0.177,0.172,0.176,0.191,0.163,0.162,0.168,0.201,0.195,0.176,0.193,0.178,0.204,0.189,0.167,0.176,0.202,0.174,0.18,0.179,0.182,0.19,0.181,0.176,0.181,0.187,0.17,0.195,0.19,0.188,0.182,0.189,0.18,0.191,0.182
0L0F,16.3333,0.198,0.178,0.179,0.18,0.191,0.164,0.162,0.167,0.202,0.194,0.177,0.194,0.179,0.205,0.189,0.168,0.177,0.203,0.172,0.18,0.18,0.184,0.192,0.183,0.176,0.182,0.188,0.17,0.196,0.191,0.188,0.183,0.191,0.181,0.196,0.183
0L0F,16.6667,0.196,0.179,0.174,0.177,0.192,0.164,0.162,0.169,0.203,0.193,0.177,0.196,0.18,0.206,0.19,0.17,0.178,0.204,0.176,0.185,0.181,0.188,0.193,0.184,0.178,0.184,0.189,0.17,0.199,0.192,0.189,0.184,0.192,0.183,0.192,0.185
0L0F,17,0.192,0.179,0.174,0.178,0.192,0.164,0.162,0.163,0.204,0.193,0.178,0.203,0.181,0.207,0.19,0.171,0.179,0.205,0.174,0.185,0.182,0.185,0.192,0.185,0.178,0.185,0.19,0.17,0.196,0.194,0.192,0.184,0.193,0.183,0.193,0.186
0L0F,17.3333,0.194,0.183,0.178,0.187,0.193,0.165,0.162,0.163,0.206,0.201,0.178,0.199,0.181,0.208,0.191,0.172,0.18,0.207,0.182,0.183,0.183,0.186,0.195,0.188,0.18,0.187,0.191,0.17,0.2,0.199,0.191,0.186,0.193,0.184,0.194,0.187
0L0F,17.6667,0.201,0.182,0.177,0.182,0.193,0.164,0.166,0.163,0.205,0.2,0.179,0.202,0.182,0.209,0.191,0.173,0.181,0.208,0.178,0.183,0.183,0.186,0.193,0.188,0.18,0.188,0.192,0.17,0.194,0.201,0.195,0.186,0.194,0.185,0.195,0.187
0L0F,18,0.197,0.181,0.176,0.182,0.193,0.166,0.16,0.169,0.206,0.2,0.18,0.203,0.182,0.211,0.191,0.173,0.181,0.209,0.178,0.186,0.184,0.188,0.194,0.189,0.181,0.189,0.193,0.169,0.195,0.201,0.194,0.187,0.196,0.186,0.196,0.189
0L0F,18.3333,0.201,0.181,0.179,0.18,0.193,0.164,0.159,0.164,0.206,0.195,0.18,0.201,0.183,0.211,0.191,0.174,0.182,0.209,0.182,0.186,0.185,0.19,0.194,0.19,0.182,0.19,0.194,0.169,0.199,0.2,0.196,0.188,0.202,0.186,0.197,0.189
0L0F,18.6667,0.2,0.188,0.179,0.183,0.194,0.165,0.16,0.165,0.213,0.203,0.18,0.203,0.184,0.214,0.191,0.176,0.184,0.21,0.181,0.184,0.186,0.192,0.196,0.19,0.183,0.191,0.199,0.169,0.198,0.201,0.197,0.192,0.196,0.187,0.198,0.19
0L0F,19,0.203,0.187,0.184,0.183,0.196,0.166,0.161,0.168,0.208,0.197,0.181,0.206,0.184,0.213,0.191,0.177,0.184,0.211,0.181,0.187,0.188,0.191,0.197,0.191,0.184,0.192,0.196,0.173,0.201,0.2,0.193,0.189,0.197,0.188,0.2,0.191
0L0F,19.3333,0.204,0.186,0.178,0.184,0.194,0.172,0.166,0.165,0.212,0.199,0.181,0.207,0.184,0.214,0.192,0.178,0.184,0.212,0.183,0.19,0.189,0.191,0.2,0.191,0.185,0.193,0.197,0.169,0.201,0.207,0.195,0.196,0.197,0.189,0.204,0.192
0L0F,19.6667,0.2,0.185,0.178,0.182,0.194,0.165,0.166,0.167,0.212,0.202,0.182,0.207,0.185,0.218,0.191,0.178,0.185,0.212,0.175,0.19,0.194,0.19,0.197,0.192,0.187,0.194,0.2,0.172,0.2,0.207,0.196,0.19,0.197,0.189,0.203,0.198
0L0F,20,0.205,0.186,0.18,0.187,0.194,0.166,0.162,0.166,0.213,0.204,0.182,0.214,0.186,0.216,0.192,0.18,0.186,0.213,0.175,0.191,0.193,0.192,0.198,0.194,0.187,0.195,0.199,0.17,0.199,0.209,0.197,0.192,0.198,0.19,0.207,0.196
0L0F,20.3333,0.201,0.193,0.182,0.189,0.195,0.166,0.163,0.164,0.215,0.203,0.183,0.212,0.186,0.217,0.191,0.181,0.187,0.214,0.182,0.193,0.196,0.191,0.2,0.195,0.188,0.199,0.2,0.173,0.203,0.204,0.197,0.193,0.202,0.19,0.207,0.196
0L0F,20.6667,0.206,0.192,0.183,0.186,0.197,0.167,0.165,0.163,0.214,0.206,0.183,0.214,0.191,0.217,0.191,0.182,0.188,0.215,0.182,0.191,0.196,0.192,0.199,0.195,0.19,0.198,0.2,0.175,0.204,0.205,0.198,0.194,0.201,0.196,0.206,0.203
0L0F,21,0.206,0.192,0.184,0.184,0.195,0.17,0.164,0.168,0.217,0.207,0.184,0.216,0.187,0.218,0.192,0.185,0.188,0.216,0.175,0.191,0.194,0.197,0.203,0.199,0.189,0.199,0.205,0.176,0.205,0.21,0.202,0.2,0.207,0.195,0.205,0.197
0L0F,21.3333,0.204,0.191,0.185,0.189,0.195,0.17,0.166,0.164,0.213,0.207,0.184,0.216,0.192,0.221,0.195,0.187,0.189,0.216,0.18,0.193,0.195,0.197,0.202,0.199,0.191,0.206,0.202,0.179,0.203,0.21,0.201,0.2,0.204,0.193,0.206,0.201
0L0F,21.6667,0.204,0.196,0.186,0.193,0.198,0.172,0.163,0.162,0.217,0.207,0.185,0.221,0.19,0.22,0.194,0.189,0.19,0.218,0.175,0.195,0.199,0.195,0.201,0.198,0.192,0.201,0.207,0.177,0.201,0.211,0.201,0.197,0.203,0.194,0.21,0.202
0L0F,22,0.202,0.197,0.188,0.19,0.196,0.17,0.164,0.166,0.217,0.205,0.186,0.222,0.191,0.221,0.191,0.189,0.193,0.218,0.178,0.196,0.198,0.201,0.206,0.198,0.193,0.202,0.208,0.176,0.206,0.213,0.206,0.197,0.201,0.194,0.209,0.206
0L0F,22.3333,0.205,0.198,0.184,0.187,0.196,0.168,0.161,0.164,0.218,0.204,0.187,0.222,0.191,0.222,0.192,0.191,0.191,0.22,0.181,0.195,0.196,0.202,0.204,0.199,0.194,0.203,0.208,0.178,0.2,0.212,0.207,0.202,0.203,0.196,0.21,0.206
0L0F,22.6667,0.207,0.198,0.19,0.192,0.196,0.173,0.162,0.164,0.222,0.206,0.187,0.222,0.191,0.225,0.198,0.192,0.195,0.22,0.182,0.195,0.2,0.198,0.204,0.206,0.196,0.204,0.207,0.18,0.202,0.214,0.204,0.202,0.208,0.201,0.211,0.205
0L0F,23,0.207,0.195,0.185,0.188,0.199,0.166,0.167,0.162,0.221,0.206,0.188,0.226,0.198,0.227,0.192,0.191,0.192,0.221,0.179,0.198,0.201,0.198,0.207,0.204,0.197,0.206,0.212,0.18,0.202,0.215,0.208,0.203,0.204,0.198,0.212,0.206
0L0F,23.3333,0.204,0.196,0.188,0.189,0.196,0.172,0.168,0.164,0.222,0.208,0.189,0.222,0.198,0.229,0.193,0.198,0.196,0.221,0.18,0.196,0.202,0.198,0.211,0.202,0.2,0.206,0.21,0.178,0.203,0.218,0.208,0.203,0.212,0.198,0.213,0.208
0L0F,23.6667,0.21,0.201,0.191,0.195,0.198,0.169,0.166,0.162,0.223,0.208,0.19,0.226,0.195,0.227,0.193,0.197,0.194,0.223,0.181,0.197,0.203,0.199,0.21,0.203,0.2,0.209,0.21,0.181,0.206,0.216,0.207,0.205,0.208,0.2,0.219,0.212
0L0F,24,0.21,0.198,0.191,0.192,0.196,0.171,0.163,0.162,0.223,0.209,0.191,0.229,0.193,0.226,0.197,0.195,0.196,0.223,0.18,0.198,0.205,0.204,0.211,0.208,0.201,0.209,0.211,0.178,0.203,0.215,0.205,0.206,0.206,0.204,0.216,0.213
1L1F,0,0.116,0.117,0.117,0.131,,,,,,0.115,0.118,0.116,0.119,,,,,,0.114,0.128,0.117,0.121,,,,,,0.122,0.117,0.118,0.127,,,,,
1L1F,0.3333,0.117,0.12,0.126,0.141,,,,,,0.116,0.119,0.117,0.121,,,,,,0.116,0.13,0.126,0.134,,,,,,0.124,0.119,0.12,0.129,,,,,
1L1F,0.6667,0.119,0.124,0.127,0.144,,,,,,0.118,0.121,0.119,0.126,,,,,,0.117,0.133,0.129,0.136,,,,,,0.125,0.121,0.122,0.133,,,,,
1L1F,1,0.12,0.123,0.129,0.144,,,,,,0.119,0.122,0.12,0.128,,,,,,0.118,0.135,0.129,0.136,,,,,,0.127,0.122,0.122,0.134,,,,,
1L1F,1.3333,0.121,0.123,0.129,0.144,,,,,,0.12,0.123,0.122,0.129,,,,,,0.119,0.134,0.127,0.134,,,,,,0.129,0.123,0.124,0.135,,,,,
1L1F,1.6667,0.122,0.123,0.128,0.142,,,,,,0.12,0.124,0.123,0.128,,,,,,0.12,0.135,0.126,0.133,,,,,,0.125,0.124,0.126,0.135,,,,,
1L1F,2,0.123,0.124,0.128,0.143,,,,,,0.121,0.123,0.123,0.129,,,,,,0.121,0.137,0.127,0.132,,,,,,0.127,0.124,0.126,0.132,,,,,
1L1F,2.3333,0.125,0.125,0.128,0.14,,,,,,0.122,0.124,0.124,0.128,,,,,,0.121,0.138,0.126,0.131,,,,,,0.129,0.128,0.126,0.136,,,,,
1L1F,2.6667,0.124,0.125,0.127,0.138,,,,,,0.123,0.126,0.125,0.128,,,,,,0.122,0.138,0.126,0.13,,,,,,0.131,0.124,0.128,0.137,,,,,
1L1F,3,0.125,0.126,0.127,0.133,,,,,,0.124,0.125,0.126,0.127,,,,,,0.123,0.13,0.127,0.131,,,,,,0.133,0.125,0.128,0.137,,,,,
1L1F,3.3333,0.126,0.126,0.128,0.134,,,,,,0.124,0.126,0.127,0.127,,,,,,0.123,0.134,0.127,0.13,,,,,,0.131,0.129,0.128,0.139,,,,,
1L1F,3.6667,0.126,0.13,0.128,0.141,,,,,,0.125,0.128,0.127,0.128,,,,,,0.124,0.133,0.128,0.13,,,,,,0.132,0.13,0.131,0.138,,,,,
1L1F,4,0.127,0.128,0.129,0.142,,,,,,0.126,0.129,0.129,0.133,,,,,,0.125,0.141,0.129,0.131,,,,,,0.133,0.127,0.13,0.14,,,,,
1L1F,4.3333,0.128,0.129,0.129,0.137,,,,,,0.127,0.128,0.128,0.13,,,,,,0.125,0.138,0.129,0.132,,,,,,0.134,0.131,0.131,0.139,,,,,
1L1F,4.6667,0.129,0.131,0.13,0.14,,,,,,0.128,0.134,0.129,0.13,,,,,,0.126,0.142,0.13,0.133,,,,,,0.136,0.134,0.131,0.14,,,,,
1L1F,5,0.129,0.133,0.131,0.142,,,,,,0.128,0.13,0.13,0.13,,,,,,0.127,0.141,0.131,0.133,,,,,,0.133,0.129,0.133,0.132,,,,,
1L1F,5.3333,0.13,0.132,0.132,0.146,,,,,,0.129,0.13,0.134,0.136,,,,,,0.128,0.144,0.133,0.135,,,,,,0.135,0.132,0.135,0.131,,,,,
1L1F,5.6667,0.131,0.134,0.132,0.145,,,,,,0.13,0.137,0.131,0.133,,,,,,0.128,0.146,0.132,0.136,,,,,,0.137,0.135,0.136,0.14,,,,,
1L1F,6,0.131,0.132,0.133,0.147,,,,,,0.13,0.132,0.132,0.137,,,,,,0.129,0.14,0.133,0.136,,,,,,0.133,0.136,0.135,0.139,,,,,
1L1F,6.3333,0.132,0.133,0.134,0.148,,,,,,0.131,0.132,0.133,0.133,,,,,,0.129,0.147,0.134,0.136,,,,,,0.14,0.137,0.134,0.139,,,,,
1L1F,6.6667,0.133,0.133,0.134,0.143,,,,,,0.132,0.133,0.133,0.134,,,,,,0.13,0.146,0.134,0.136,,,,,,0.14,0.133,0.137,0.14,,,,,
1L1F,7,0.133,0.134,0.135,0.145,,,,,,0.133,0.136,0.134,0.135,,,,,,0.131,0.146,0.135,0.137,,,,,,0.141,0.136,0.135,0.138,,,,,
1L1F,7.3333,0.134,0.134,0.135,0.15,,,,,,0.133,0.135,0.135,0.135,,,,,,0.131,0.147,0.135,0.138,,,,,,0.138,0.134,0.139,0.135,,,,,
1L1F,7.6667,0.135,0.135,0.136,0.143,,,,,,0.137,0.136,0.136,0.14,,,,,,0.132,0.145,0.136,0.138,,,,,,0.14,0.135,0.138,0.142,,,,,
1L1F,8,0.136,0.136,0.137,0.146,,,,,,0.135,0.137,0.136,0.136,,,,,,0.133,0.145,0.136,0.139,,,,,,0.144,0.135,0.137,0.139,,,,,
1L1F,8.3333,0.137,0.136,0.137,0.148,,,,,,0.136,0.136,0.137,0.141,,,,,,0.134,0.143,0.137,0.14,,,,,,0.139,0.14,0.137,0.136,,,,,
1L1F,8.6667,0.137,0.137,0.138,0.139,,,,,,0.136,0.137,0.137,0.137,,,,,,0.134,0.147,0.139,0.14,,,,,,0.14,0.137,0.138,0.149,,,,,
1L1F,9,0.137,0.137,0.138,0.153,,,,,,0.137,0.137,0.138,0.142,,,,,,0.135,0.149,0.142,0.141,,,,,,0.142,0.138,0.139,0.15,,,,,
1L1F,9.3333,0.138,0.138,0.139,0.142,,,,,,0.138,0.139,0.139,0.142,,,,,,0.136,0.147,0.139,0.141,,,,,,0.139,0.138,0.139,0.136,,,,,
1L1F,9.6667,0.138,0.139,0.139,0.152,,,,,,0.138,0.138,0.139,0.14,,,,,,0.137,0.153,0.14,0.143,,,,,,0.146,0.143,0.14,0.137,,,,,
1L1F,10,0.138,0.141,0.14,0.143,,,,,,0.139,0.139,0.14,0.141,,,,,,0.138,0.143,0.14,0.142,,,,,,0.141,0.138,0.141,0.14,,,,,
1L1F,10.3333,0.139,0.14,0.14,0.15,,,,,,0.14,0.146,0.14,0.139,,,,,,0.138,0.152,0.141,0.142,,,,,,0.146,0.139,0.143,0.137,,,,,
1L1F,10.6667,0.14,0.14,0.141,0.153,,,,,,0.141,0.139,0.142,0.141,,,,,,0.139,0.153,0.143,0.143,,,,,,0.143,0.142,0.142,0.14,,,,,
1L1F,11,0.14,0.141,0.141,0.154,,,,,,0.141,0.14,0.141,0.14,,,,,,0.14,0.144,0.141,0.143,,,,,,0.147,0.14,0.142,0.153,,,,,
1L1F,11.3333,0.141,0.141,0.141,0.154,,,,,,0.142,0.14,0.141,0.145,,,,,,0.14,0.154,0.141,0.143,,,,,,0.143,0.141,0.145,0.146,,,,,
1L1F,11.6667,0.141,0.144,0.142,0.151,,,,,,0.142,0.145,0.142,0.146,,,,,,0.141,0.152,0.142,0.144,,,,,,0.15,0.146,0.148,0.14,,,,,
1L1F,12,0.142,0.145,0.142,0.154,,,,,,0.143,0.141,0.142,0.141,,,,,,0.141,0.157,0.142,0.144,,,,,,0.145,0.141,0.144,0.141,,,,,
1L1F,12.3333,0.142,0.142,0.142,0.154,,,,,,0.143,0.141,0.142,0.141,,,,,,0.142,0.151,0.143,0.144,,,,,,0.145,0.142,0.145,0.141,,,,,
1L1F,12.6667,0.143,0.142,0.142,0.152,,,,,,0.144,0.141,0.143,0.142,,,,,,0.142,0.155,0.143,0.144,,,,,,0.145,0.147,0.147,0.142,,,,,
1L1F,13,0.143,0.143,0.143,0.152,,,,,,0.145,0.142,0.143,0.146,,,,,,0.143,0.15,0.144,0.145,,,,,,0.152,0.147,0.148,0.149,,,,,
1L1F,13.3333,0.143,0.143,0.143,0.152,,,,,,0.145,0.142,0.143,0.142,,,,,,0.144,0.155,0.144,0.145,,,,,,0.147,0.142,0.146,0.147,,,,,
1L1F,13.6667,0.144,0.144,0.144,0.154,,,,,,0.146,0.147,0.144,0.142,,,,,,0.144,0.151,0.144,0.145,,,,,,0.155,0.142,0.148,0.155,,,,,
1L1F,14,0.144,0.144,0.144,0.155,,,,,,0.146,0.142,0.144,0.143,,,,,,0.145,0.154,0.144,0.145,,,,,,0.155,0.143,0.147,0.154,,,,,
1L1F,14.3333,0.144,0.144,0.144,0.156,,,,,,0.146,0.15,0.145,0.148,,,,,,0.145,0.154,0.145,0.145,,,,,,0.155,0.151,0.149,0.144,,,,,
1L1F,14.6667,0.144,0.144,0.144,0.154,,,,,,0.147,0.149,0.145,0.147,,,,,,0.145,0.151,0.145,0.146,,,,,,0.154,0.151,0.148,0.147,,,,,
1L1F,15,0.145,0.144,0.145,0.155,,,,,,0.147,0.148,0.145,0.147,,,,,,0.146,0.156,0.145,0.146,,,,,,0.157,0.146,0.151,0.15,,,,,
1L1F,15.3333,0.145,0.147,0.145,0.155,,,,,,0.148,0.143,0.145,0.148,,,,,,0.146,0.154,0.145,0.146,,,,,,0.159,0.144,0.149,0.148,,,,,
1L1F,15.6667,0.145,0.145,0.145,0.155,,,,,,0.148,0.147,0.146,0.148,,,,,,0.147,0.157,0.146,0.146,,,,,,0.16,0.144,0.154,0.145,,,,,
1L1F,16,0.146,0.145,0.145,0.156,,,,,,0.149,0.149,0.146,0.143,,,,,,0.147,0.158,0.146,0.146,,,,,,0.158,0.15,0.15,0.142,,,,,
1L1F,16.3333,0.146,0.145,0.145,0.155,,,,,,0.149,0.145,0.146,0.146,,,,,,0.148,0.155,0.146,0.146,,,,,,0.161,0.144,0.152,0.143,,,,,
1L1F,16.6667,0.146,0.145,0.146,0.155,,,,,,0.149,0.144,0.146,0.149,,,,,,0.148,0.155,0.146,0.146,,,,,,0.157,0.151,0.155,0.155,,,,,
1L1F,17,0.147,0.146,0.146,0.155,,,,,,0.15,0.144,0.147,0.143,,,,,,0.149,0.159,0.146,0.147,,,,,,0.162,0.153,0.151,0.151,,,,,
1L1F,17.3333,0.147,0.146,0.146,0.156,,,,,,0.15,0.15,0.147,0.147,,,,,,0.149,0.158,0.147,0.147,,,,,,0.161,0.149,0.154,0.146,,,,,
1L1F,17.6667,0.148,0.146,0.146,0.156,,,,,,0.151,0.144,0.147,0.148,,,,,,0.15,0.156,0.147,0.147,,,,,,0.163,0.146,0.154,0.153,,,,,
1L1F,18,0.148,0.146,0.146,0.155,,,,,,0.151,0.145,0.147,0.148,,,,,,0.15,0.157,0.147,0.147,,,,,,0.162,0.147,0.153,0.146,,,,,
1L1F,18.3333,0.148,0.148,0.147,0.157,,,,,,0.152,0.15,0.147,0.144,,,,,,0.15,0.16,0.147,0.147,,,,,,0.164,0.146,0.157,0.153,,,,,
1L1F,18.6667,0.151,0.147,0.147,0.155,,,,,,0.152,0.146,0.152,0.144,,,,,,0.151,0.158,0.147,0.147,,,,,,0.163,0.146,0.155,0.147,,,,,
1L1F,19,0.15,0.151,0.147,0.156,,,,,,0.152,0.146,0.148,0.149,,,,,,0.151,0.155,0.147,0.147,,,,,,0.162,0.154,0.153,0.155,,,,,
1L1F,19.3333,0.15,0.147,0.147,0.157,,,,,,0.153,0.151,0.153,0.144,,,,,,0.151,0.162,0.148,0.147,,,,,,0.165,0.149,0.155,0.145,,,,,
1L1F,19.6667,0.15,0.147,0.147,0.156,,,,,,0.153,0.15,0.148,0.148,,,,,,0.152,0.161,0.148,0.147,,,,,,0.165,0.148,0.157,0.142,,,,,
1L1F,20,0.15,0.147,0.147,0.156,,,,,,0.154,0.147,0.148,0.145,,,,,,0.152,0.161,0.148,0.147,,,,,,0.164,0.147,0.155,0.149,,,,,
1L1F,20.3333,0.151,0.148,0.147,0.155,,,,,,0.154,0.153,0.148,0.148,,,,,,0.153,0.16,0.148,0.148,,,,,,0.166,0.15,0.156,0.154,,,,,
1L1F,20.6667,0.151,0.148,0.148,0.153,,,,,,0.155,0.146,0.151,0.149,,,,,,0.153,0.16,0.148,0.148,,,,,,0.166,0.148,0.156,0.144,,,,,
1L1F,21,0.151,0.148,0.148,0.155,,,,,,0.155,0.148,0.148,0.145,,,,,,0.154,0.162,0.149,0.148,,,,,,0.165,0.155,0.156,0.148,,,,,
1L1F,21.3333,0.152,0.148,0.148,0.155,,,,,,0.155,0.151,0.15,0.144,,,,,,0.154,0.159,0.149,0.148,,,,,,0.168,0.155,0.157,0.144,,,,,
1L1F,21.6667,0.152,0.148,0.148,0.154,,,,,,0.156,0.153,0.149,0.147,,,,,,0.155,0.16,0.149,0.148,,,,,,0.164,0.154,0.16,0.151,,,,,
1L1F,22,0.158,0.148,0.148,0.152,,,,,,0.156,0.146,0.149,0.148,,,,,,0.155,0.162,0.149,0.148,,,,,,0.168,0.156,0.159,0.146,,,,,
1L1F,22.3333,0.153,0.149,0.148,0.156,,,,,,0.157,0.151,0.148,0.144,,,,,,0.155,0.158,0.149,0.148,,,,,,0.166,0.149,0.159,0.142,,,,,
1L1F,22.6667,0.154,0.149,0.148,0.153,,,,,,0.157,0.154,0.149,0.146,,,,,,0.156,0.16,0.149,0.148,,,,,,0.167,0.149,0.159,0.147,,,,,
1L1F,23,0.157,0.149,0.148,0.154,,,,,,0.157,0.153,0.149,0.146,,,,,,0.157,0.162,0.149,0.147,,,,,,0.168,0.152,0.158,0.151,,,,,
1L1F,23.3333,0.154,0.149,0.148,0.153,,,,,,0.158,0.154,0.15,0.148,,,,,,0.157,0.162,0.149,0.148,,,,,,0.169,0.15,0.16,0.15,,,,,
1L1F,23.6667,0.157,0.149,0.149,0.154,,,,,,0.158,0.147,0.149,0.145,,,,,,0.158,0.162,0.149,0.148,,,,,,0.167,0.149,0.159,0.141,,,,,
1L1F,24,0.158,0.15,0.149,0.154,,,,,,0.159,0.15,0.153,0.149,,,,,,0.158,0.159,0.149,0.147,,,,,,0.168,0.15,0.159,0.145,,,,,
2L2F,0,0.128,0.128,0.122,0.117,,,,,,0.118,0.12,0.125,0.121,,,,,,0.117,0.117,0.116,0.116,,,,,,0.117,0.123,0.125,0.118,,,,,
2L2F,0.3333,0.139,0.136,0.136,0.127,,,,,,0.121,0.123,0.128,0.124,,,,,,0.132,0.13,0.13,0.126,,,,,,0.119,0.124,0.126,0.121,,,,,
2L2F,0.6667,0.138,0.14,0.141,0.134,,,,,,0.125,0.13,0.135,0.129,,,,,,0.133,0.133,0.133,0.13,,,,,,0.124,0.128,0.131,0.128,,,,,
2L2F,1,0.142,0.139,0.142,0.135,,,,,,0.128,0.131,0.137,0.133,,,,,,0.135,0.133,0.135,0.132,,,,,,0.126,0.129,0.133,0.127,,,,,
2L2F,1.3333,0.143,0.138,0.141,0.134,,,,,,0.128,0.131,0.136,0.132,,,,,,0.134,0.133,0.134,0.132,,,,,,0.126,0.129,0.133,0.127,,,,,
2L2F,1.6667,0.14,0.142,0.142,0.132,,,,,,0.127,0.13,0.135,0.132,,,,,,0.133,0.132,0.133,0.13,,,,,,0.127,0.129,0.132,0.127,,,,,
2L2F,2,0.14,0.137,0.143,0.131,,,,,,0.127,0.13,0.134,0.132,,,,,,0.132,0.13,0.131,0.129,,,,,,0.127,0.129,0.131,0.127,,,,,
2L2F,2.3333,0.138,0.138,0.139,0.13,,,,,,0.127,0.131,0.136,0.131,,,,,,0.131,0.129,0.13,0.128,,,,,,0.127,0.13,0.132,0.129,,,,,
2L2F,2.6667,0.136,0.14,0.135,0.129,,,,,,0.128,0.13,0.133,0.131,,,,,,0.13,0.129,0.13,0.127,,,,,,0.128,0.131,0.131,0.127,,,,,
2L2F,3,0.137,0.137,0.133,0.129,,,,,,0.128,0.126,0.135,0.128,,,,,,0.13,0.128,0.129,0.129,,,,,,0.129,0.127,0.137,0.128,,,,,
2L2F,3.3333,0.136,0.139,0.134,0.129,,,,,,0.129,0.129,0.137,0.131,,,,,,0.13,0.13,0.129,0.127,,,,,,0.129,0.13,0.137,0.128,,,,,
2L2F,3.6667,0.136,0.136,0.136,0.131,,,,,,0.13,0.127,0.14,0.129,,,,,,0.13,0.128,0.129,0.127,,,,,,0.13,0.13,0.138,0.128,,,,,
2L2F,4,0.137,0.135,0.131,0.129,,,,,,0.13,0.134,0.134,0.134,,,,,,0.13,0.128,0.129,0.128,,,,,,0.13,0.133,0.138,0.129,,,,,
2L2F,4.3333,0.13,0.138,0.136,0.13,,,,,,0.131,0.136,0.135,0.136,,,,,,0.131,0.128,0.13,0.129,,,,,,0.131,0.13,0.14,0.129,,,,,
2L2F,4.6667,0.138,0.134,0.138,0.131,,,,,,0.132,0.136,0.141,0.131,,,,,,0.132,0.129,0.131,0.129,,,,,,0.132,0.136,0.141,0.134,,,,,
2L2F,5,0.14,0.135,0.136,0.131,,,,,,0.132,0.131,0.143,0.132,,,,,,0.132,0.129,0.131,0.13,,,,,,0.132,0.132,0.141,0.131,,,,,
2L2F,5.3333,0.132,0.137,0.138,0.132,,,,,,0.133,0.134,0.144,0.132,,,,,,0.133,0.13,0.132,0.13,,,,,,0.133,0.138,0.143,0.134,,,,,
2L2F,5.6667,0.141,0.137,0.14,0.132,,,,,,0.133,0.136,0.145,0.139,,,,,,0.133,0.13,0.133,0.13,,,,,,0.134,0.136,0.142,0.134,,,,,
2L2F,6,0.136,0.138,0.14,0.133,,,,,,0.134,0.138,0.145,0.138,,,,,,0.134,0.13,0.134,0.131,,,,,,0.135,0.134,0.144,0.138,,,,,
2L2F,6.3333,0.143,0.139,0.139,0.133,,,,,,0.134,0.14,0.146,0.135,,,,,,0.134,0.131,0.134,0.131,,,,,,0.135,0.14,0.143,0.134,,,,,
2L2F,6.6667,0.145,0.137,0.135,0.134,,,,,,0.135,0.139,0.139,0.135,,,,,,0.135,0.131,0.135,0.132,,,,,,0.136,0.135,0.136,0.139,,,,,
2L2F,7,0.143,0.141,0.139,0.134,,,,,,0.135,0.14,0.14,0.135,,,,,,0.136,0.135,0.135,0.132,,,,,,0.137,0.136,0.139,0.137,,,,,
2L2F,7.3333,0.139,0.139,0.142,0.135,,,,,,0.136,0.136,0.146,0.136,,,,,,0.136,0.132,0.136,0.132,,,,,,0.138,0.139,0.144,0.136,,,,,
2L2F,7.6667,0.137,0.14,0.139,0.135,,,,,,0.136,0.14,0.139,0.136,,,,,,0.137,0.134,0.137,0.133,,,,,,0.138,0.142,0.144,0.141,,,,,
2L2F,8,0.148,0.14,0.136,0.136,,,,,,0.137,0.14,0.144,0.142,,,,,,0.137,0.138,0.137,0.133,,,,,,0.139,0.137,0.139,0.142,,,,,
2L2F,8.3333,0.147,0.14,0.143,0.136,,,,,,0.138,0.141,0.147,0.137,,,,,,0.138,0.139,0.138,0.133,,,,,,0.14,0.141,0.145,0.142,,,,,
2L2F,8.6667,0.142,0.143,0.136,0.137,,,,,,0.138,0.142,0.148,0.137,,,,,,0.138,0.138,0.138,0.134,,,,,,0.14,0.139,0.141,0.138,,,,,
2L2F,9,0.145,0.142,0.14,0.137,,,,,,0.139,0.143,0.144,0.138,,,,,,0.139,0.134,0.139,0.134,,,,,,0.141,0.142,0.143,0.139,,,,,
2L2F,9.3333,0.144,0.143,0.143,0.138,,,,,,0.139,0.142,0.15,0.139,,,,,,0.14,0.134,0.139,0.134,,,,,,0.142,0.141,0.142,0.139,,,,,
2L2F,9.6667,0.149,0.142,0.14,0.138,,,,,,0.14,0.141,0.147,0.141,,,,,,0.14,0.134,0.14,0.134,,,,,,0.142,0.143,0.14,0.14,,,,,
2L2F,10,0.15,0.142,0.143,0.138,,,,,,0.14,0.142,0.147,0.139,,,,,,0.141,0.134,0.14,0.134,,,,,,0.143,0.14,0.147,0.145,,,,,
2L2F,10.3333,0.146,0.143,0.14,0.139,,,,,,0.141,0.143,0.146,0.139,,,,,,0.141,0.134,0.14,0.134,,,,,,0.143,0.138,0.145,0.142,,,,,
2L2F,10.6667,0.147,0.138,0.138,0.139,,,,,,0.141,0.144,0.143,0.14,,,,,,0.142,0.135,0.141,0.134,,,,,,0.144,0.139,0.142,0.141,,,,,
2L2F,11,0.145,0.143,0.139,0.14,,,,,,0.141,0.142,0.149,0.14,,,,,,0.142,0.135,0.141,0.134,,,,,,0.145,0.142,0.145,0.143,,,,,
2L2F,11.3333,0.151,0.14,0.139,0.14,,,,,,0.142,0.145,0.151,0.143,,,,,,0.143,0.138,0.142,0.134,,,,,,0.145,0.145,0.142,0.142,,,,,
2L2F,11.6667,0.152,0.14,0.147,0.141,,,,,,0.142,0.143,0.146,0.141,,,,,,0.143,0.138,0.142,0.134,,,,,,0.145,0.139,0.143,0.143,,,,,
2L2F,12,0.151,0.142,0.147,0.141,,,,,,0.143,0.144,0.149,0.141,,,,,,0.144,0.136,0.142,0.133,,,,,,0.146,0.144,0.143,0.143,,,,,
2L2F,12.3333,0.152,0.143,0.146,0.141,,,,,,0.143,0.145,0.152,0.141,,,,,,0.144,0.135,0.143,0.133,,,,,,0.146,0.142,0.145,0.144,,,,,
2L2F,12.6667,0.152,0.143,0.144,0.141,,,,,,0.144,0.145,0.148,0.141,,,,,,0.145,0.135,0.143,0.133,,,,,,0.147,0.145,0.142,0.15,,,,,
2L2F,13,0.154,0.143,0.142,0.142,,,,,,0.144,0.146,0.149,0.141,,,,,,0.145,0.136,0.143,0.133,,,,,,0.147,0.144,0.142,0.145,,,,,
2L2F,13.3333,0.153,0.143,0.147,0.142,,,,,,0.144,0.146,0.151,0.141,,,,,,0.146,0.137,0.143,0.133,,,,,,0.148,0.145,0.143,0.146,,,,,
2L2F,13.6667,0.155,0.143,0.147,0.142,,,,,,0.145,0.146,0.149,0.146,,,,,,0.146,0.135,0.144,0.133,,,,,,0.148,0.145,0.143,0.147,,,,,
2L2F,14,0.147,0.142,0.147,0.143,,,,,,0.146,0.147,0.154,0.142,,,,,,0.147,0.136,0.144,0.132,,,,,,0.148,0.145,0.14,0.147,,,,,
2L2F,14.3333,0.15,0.143,0.145,0.143,,,,,,0.146,0.145,0.149,0.142,,,,,,0.147,0.135,0.144,0.132,,,,,,0.149,0.145,0.14,0.148,,,,,
2L2F,14.6667,0.15,0.143,0.145,0.143,,,,,,0.146,0.147,0.151,0.142,,,,,,0.148,0.135,0.144,0.132,,,,,,0.149,0.145,0.141,0.147,,,,,
2L2F,15,0.154,0.145,0.147,0.143,,,,,,0.147,0.146,0.153,0.144,,,,,,0.148,0.135,0.144,0.132,,,,,,0.15,0.143,0.143,0.148,,,,,
2L2F,15.3333,0.155,0.145,0.141,0.144,,,,,,0.147,0.147,0.154,0.142,,,,,,0.148,0.138,0.145,0.132,,,,,,0.15,0.143,0.142,0.148,,,,,
2L2F,15.6667,0.157,0.145,0.144,0.144,,,,,,0.147,0.146,0.15,0.142,,,,,,0.149,0.138,0.145,0.132,,,,,,0.15,0.141,0.143,0.149,,,,,
2L2F,16,0.154,0.145,0.141,0.144,,,,,,0.148,0.148,0.149,0.142,,,,,,0.149,0.138,0.145,0.132,,,,,,0.151,0.141,0.137,0.154,,,,,
2L2F,16.3333,0.157,0.145,0.149,0.144,,,,,,0.148,0.146,0.153,0.142,,,,,,0.15,0.135,0.145,0.132,,,,,,0.151,0.148,0.142,0.149,,,,,
2L2F,16.6667,0.158,0.145,0.143,0.144,,,,,,0.149,0.147,0.153,0.143,,,,,,0.15,0.134,0.145,0.131,,,,,,0.151,0.14,0.141,0.15,,,,,
2L2F,17,0.156,0.146,0.149,0.145,,,,,,0.149,0.147,0.151,0.142,,,,,,0.151,0.134,0.145,0.131,,,,,,0.152,0.147,0.142,0.15,,,,,
2L2F,17.3333,0.156,0.145,0.142,0.145,,,,,,0.149,0.147,0.152,0.141,,,,,,0.151,0.137,0.145,0.131,,,,,,0.152,0.148,0.141,0.154,,,,,
2L2F,17.6667,0.154,0.144,0.149,0.145,,,,,,0.15,0.148,0.154,0.142,,,,,,0.151,0.137,0.145,0.131,,,,,,0.152,0.143,0.142,0.151,,,,,
2L2F,18,0.158,0.145,0.143,0.145,,,,,,0.15,0.147,0.152,0.142,,,,,,0.152,0.133,0.145,0.131,,,,,,0.152,0.144,0.142,0.158,,,,,
2L2F,18.3333,0.156,0.144,0.148,0.145,,,,,,0.151,0.147,0.154,0.142,,,,,,0.153,0.133,0.146,0.131,,,,,,0.152,0.145,0.142,0.156,,,,,
2L2F,18.6667,0.161,0.144,0.147,0.145,,,,,,0.151,0.148,0.153,0.142,,,,,,0.153,0.138,0.146,0.131,,,,,,0.153,0.144,0.14,0.152,,,,,
2L2F,19,0.16,0.144,0.149,0.145,,,,,,0.152,0.148,0.152,0.144,,,,,,0.154,0.136,0.145,0.131,,,,,,0.153,0.146,0.143,0.159,,,,,
2L2F,19.3333,0.161,0.139,0.144,0.146,,,,,,0.153,0.148,0.153,0.142,,,,,,0.154,0.134,0.146,0.131,,,,,,0.154,0.148,0.141,0.156,,,,,
2L2F,19.6667,0.159,0.147,0.144,0.146,,,,,,0.153,0.147,0.153,0.142,,,,,,0.155,0.133,0.146,0.131,,,,,,0.154,0.145,0.143,0.154,,,,,
2L2F,20,0.157,0.139,0.148,0.146,,,,,,0.153,0.148,0.154,0.141,,,,,,0.155,0.137,0.146,0.131,,,,,,0.154,0.144,0.143,0.155,,,,,
2L2F,20.3333,0.162,0.141,0.151,0.146,,,,,,0.154,0.147,0.155,0.142,,,,,,0.156,0.137,0.146,0.131,,,,,,0.154,0.147,0.143,0.158,,,,,
2L2F,20.6667,0.16,0.137,0.143,0.146,,,,,,0.154,0.146,0.153,0.141,,,,,,0.157,0.132,0.146,0.131,,,,,,0.154,0.143,0.14,0.155,,,,,
2L2F,21,0.163,0.146,0.148,0.146,,,,,,0.155,0.148,0.152,0.143,,,,,,0.157,0.134,0.146,0.131,,,,,,0.155,0.142,0.139,0.155,,,,,
2L2F,21.3333,0.164,0.153,0.147,0.146,,,,,,0.155,0.148,0.154,0.141,,,,,,0.158,0.132,0.146,0.131,,,,,,0.155,0.141,0.14,0.156,,,,,
2L2F,21.6667,0.161,0.141,0.146,0.146,,,,,,0.156,0.148,0.154,0.141,,,,,,0.158,0.135,0.146,0.131,,,,,,0.155,0.147,0.143,0.155,,,,,
2L2F,22,0.166,0.151,0.147,0.146,,,,,,0.157,0.149,0.154,0.141,,,,,,0.159,0.133,0.146,0.131,,,,,,0.156,0.146,0.14,0.156,,,,,
2L2F,22.3333,0.162,0.144,0.144,0.146,,,,,,0.157,0.147,0.153,0.141,,,,,,0.159,0.132,0.146,0.131,,,,,,0.156,0.145,0.143,0.157,,,,,
2L2F,22.6667,0.166,0.15,0.145,0.146,,,,,,0.157,0.148,0.152,0.143,,,,,,0.16,0.132,0.146,0.131,,,,,,0.156,0.141,0.142,0.158,,,,,
2L2F,23,0.166,0.143,0.144,0.146,,,,,,0.158,0.149,0.153,0.145,,,,,,0.161,0.133,0.146,0.131,,,,,,0.157,0.139,0.143,0.162,,,,,
2L2F,23.3333,0.164,0.152,0.151,0.146,,,,,,0.159,0.148,0.153,0.141,,,,,,0.161,0.132,0.146,0.131,,,,,,0.157,0.144,0.143,0.162,,,,,
2L2F,23.6667,0.166,0.155,0.144,0.146,,,,,,0.159,0.148,0.153,0.144,,,,,,0.162,0.134,0.146,0.131,,,,,,0.157,0.143,0.143,0.158,,,,,
2L2F,24,0.17,0.145,0.149,0.147,,,,,,0.159,0.149,0.152,0.141,,,,,,0.162,0.135,0.146,0.131,,,,,,0.157,0.144,0.142,0.158,,,,,
3L3F,0,0.124,0.117,0.117,0.118,,,,,,0.12,0.124,0.12,0.121,,,,,,0.122,0.117,0.128,0.115,,,,,,0.118,0.118,0.124,0.118,,,,,
3L3F,0.3333,0.13,0.124,0.124,0.124,,,,,,0.125,0.13,0.128,0.13,,,,,,0.134,0.126,0.132,0.121,,,,,,0.124,0.127,0.133,0.128,,,,,
3L3F,0.6667,0.14,0.134,0.134,0.132,,,,,,0.132,0.136,0.133,0.134,,,,,,0.138,0.133,0.14,0.129,,,,,,0.13,0.131,0.134,0.129,,,,,
3L3F,1,0.138,0.135,0.134,0.133,,,,,,0.133,0.135,0.134,0.134,,,,,,0.14,0.135,0.141,0.129,,,,,,0.129,0.131,0.136,0.129,,,,,
3L3F,1.3333,0.139,0.133,0.132,0.129,,,,,,0.132,0.135,0.132,0.134,,,,,,0.139,0.134,0.141,0.129,,,,,,0.128,0.129,0.131,0.129,,,,,
3L3F,1.6667,0.136,0.131,0.131,0.128,,,,,,0.131,0.134,0.132,0.133,,,,,,0.136,0.132,0.141,0.128,,,,,,0.128,0.128,0.134,0.129,,,,,
3L3F,2,0.135,0.13,0.129,0.127,,,,,,0.132,0.134,0.131,0.132,,,,,,0.135,0.131,0.139,0.127,,,,,,0.13,0.128,0.131,0.129,,,,,
3L3F,2.3333,0.134,0.129,0.13,0.126,,,,,,0.133,0.134,0.132,0.132,,,,,,0.133,0.13,0.138,0.126,,,,,,0.131,0.128,0.13,0.129,,,,,
3L3F,2.6667,0.134,0.129,0.129,0.127,,,,,,0.13,0.134,0.131,0.132,,,,,,0.134,0.129,0.138,0.126,,,,,,0.128,0.128,0.136,0.129,,,,,
3L3F,3,0.133,0.129,0.129,0.127,,,,,,0.13,0.135,0.131,0.132,,,,,,0.134,0.129,0.138,0.126,,,,,,0.128,0.128,0.131,0.131,,,,,
3L3F,3.3333,0.133,0.129,0.129,0.13,,,,,,0.131,0.135,0.132,0.133,,,,,,0.131,0.129,0.138,0.128,,,,,,0.131,0.128,0.132,0.131,,,,,
3L3F,3.6667,0.136,0.129,0.13,0.128,,,,,,0.131,0.134,0.134,0.134,,,,,,0.134,0.13,0.139,0.127,,,,,,0.13,0.129,0.138,0.131,,,,,
3L3F,4,0.134,0.13,0.132,0.13,,,,,,0.132,0.136,0.133,0.135,,,,,,0.132,0.131,0.139,0.128,,,,,,0.131,0.13,0.14,0.132,,,,,
3L3F,4.3333,0.134,0.13,0.131,0.13,,,,,,0.136,0.137,0.133,0.135,,,,,,0.133,0.131,0.14,0.129,,,,,,0.135,0.13,0.133,0.133,,,,,
3L3F,4.6667,0.136,0.131,0.132,0.131,,,,,,0.138,0.137,0.135,0.136,,,,,,0.134,0.132,0.141,0.13,,,,,,0.131,0.131,0.138,0.134,,,,,
3L3F,5,0.137,0.131,0.133,0.132,,,,,,0.138,0.137,0.135,0.137,,,,,,0.134,0.132,0.141,0.131,,,,,,0.133,0.131,0.138,0.135,,,,,
3L3F,5.3333,0.136,0.132,0.134,0.133,,,,,,0.138,0.138,0.136,0.138,,,,,,0.138,0.133,0.142,0.132,,,,,,0.135,0.132,0.136,0.136,,,,,
3L3F,5.6667,0.14,0.132,0.134,0.134,,,,,,0.135,0.138,0.137,0.139,,,,,,0.138,0.134,0.143,0.133,,,,,,0.135,0.133,0.143,0.137,,,,,
3L3F,6,0.138,0.133,0.134,0.134,,,,,,0.135,0.137,0.141,0.14,,,,,,0.135,0.134,0.143,0.133,,,,,,0.134,0.133,0.137,0.138,,,,,
3L3F,6.3333,0.137,0.133,0.135,0.135,,,,,,0.136,0.139,0.138,0.14,,,,,,0.136,0.135,0.144,0.134,,,,,,0.14,0.134,0.143,0.138,,,,,
3L3F,6.6667,0.137,0.133,0.135,0.135,,,,,,0.136,0.137,0.138,0.141,,,,,,0.141,0.135,0.145,0.135,,,,,,0.136,0.134,0.139,0.139,,,,,
3L3F,7,0.138,0.134,0.136,0.137,,,,,,0.14,0.139,0.139,0.141,,,,,,0.138,0.136,0.145,0.135,,,,,,0.136,0.135,0.139,0.14,,,,,
3L3F,7.3333,0.138,0.134,0.137,0.136,,,,,,0.138,0.137,0.139,0.142,,,,,,0.138,0.136,0.146,0.136,,,,,,0.137,0.135,0.143,0.14,,,,,
3L3F,7.6667,0.139,0.14,0.137,0.137,,,,,,0.138,0.136,0.14,0.143,,,,,,0.141,0.137,0.146,0.137,,,,,,0.142,0.136,0.147,0.141,,,,,
3L3F,8,0.139,0.135,0.137,0.137,,,,,,0.142,0.138,0.141,0.143,,,,,,0.141,0.137,0.146,0.137,,,,,,0.137,0.136,0.141,0.142,,,,,
3L3F,8.3333,0.14,0.135,0.141,0.138,,,,,,0.143,0.141,0.141,0.144,,,,,,0.141,0.137,0.147,0.138,,,,,,0.139,0.137,0.141,0.142,,,,,
3L3F,8.6667,0.14,0.136,0.139,0.138,,,,,,0.142,0.14,0.141,0.144,,,,,,0.14,0.138,0.147,0.138,,,,,,0.141,0.137,0.142,0.143,,,,,
3L3F,9,0.141,0.136,0.139,0.139,,,,,,0.14,0.139,0.142,0.145,,,,,,0.144,0.138,0.148,0.139,,,,,,0.14,0.138,0.142,0.144,,,,,
3L3F,9.3333,0.141,0.137,0.143,0.139,,,,,,0.141,0.139,0.142,0.145,,,,,,0.145,0.139,0.148,0.139,,,,,,0.144,0.138,0.144,0.144,,,,,
3L3F,9.6667,0.141,0.137,0.14,0.139,,,,,,0.14,0.145,0.143,0.146,,,,,,0.142,0.139,0.149,0.14,,,,,,0.143,0.139,0.143,0.145,,,,,
3L3F,10,0.142,0.137,0.14,0.14,,,,,,0.142,0.143,0.149,0.146,,,,,,0.142,0.139,0.149,0.14,,,,,,0.14,0.139,0.149,0.145,,,,,
3L3F,10.3333,0.144,0.138,0.141,0.14,,,,,,0.14,0.144,0.143,0.146,,,,,,0.142,0.14,0.15,0.14,,,,,,0.145,0.139,0.146,0.146,,,,,
3L3F,10.6667,0.143,0.138,0.144,0.14,,,,,,0.144,0.144,0.149,0.147,,,,,,0.147,0.14,0.15,0.141,,,,,,0.141,0.139,0.147,0.147,,,,,
3L3F,11,0.143,0.138,0.141,0.141,,,,,,0.143,0.146,0.146,0.147,,,,,,0.143,0.14,0.15,0.141,,,,,,0.146,0.14,0.145,0.147,,,,,
3L3F,11.3333,0.144,0.138,0.144,0.141,,,,,,0.143,0.146,0.145,0.147,,,,,,0.146,0.14,0.151,0.141,,,,,,0.142,0.14,0.145,0.147,,,,,
3L3F,11.6667,0.144,0.139,0.142,0.141,,,,,,0.142,0.142,0.144,0.147,,,,,,0.145,0.141,0.151,0.142,,,,,,0.146,0.14,0.148,0.148,,,,,
3L3F,12,0.144,0.139,0.141,0.141,,,,,,0.142,0.143,0.149,0.147,,,,,,0.147,0.141,0.151,0.142,,,,,,0.142,0.14,0.146,0.148,,,,,
3L3F,12.3333,0.145,0.139,0.142,0.141,,,,,,0.144,0.147,0.146,0.148,,,,,,0.147,0.141,0.151,0.142,,,,,,0.142,0.141,0.151,0.148,,,,,
3L3F,12.6667,0.148,0.139,0.142,0.141,,,,,,0.142,0.145,0.145,0.148,,,,,,0.145,0.141,0.152,0.142,,,,,,0.144,0.141,0.153,0.148,,,,,
3L3F,13,0.148,0.14,0.142,0.141,,,,,,0.144,0.146,0.145,0.148,,,,,,0.145,0.141,0.152,0.142,,,,,,0.143,0.141,0.146,0.149,,,,,
3L3F,13.3333,0.151,0.14,0.142,0.141,,,,,,0.143,0.146,0.145,0.148,,,,,,0.148,0.141,0.152,0.143,,,,,,0.143,0.141,0.153,0.149,,,,,
3L3F,13.6667,0.148,0.14,0.142,0.141,,,,,,0.143,0.144,0.147,0.149,,,,,,0.147,0.142,0.152,0.143,,,,,,0.149,0.141,0.153,0.149,,,,,
3L3F,14,0.146,0.14,0.144,0.141,,,,,,0.143,0.145,0.149,0.149,,,,,,0.148,0.142,0.153,0.143,,,,,,0.144,0.142,0.153,0.149,,,,,
3L3F,14.3333,0.148,0.14,0.146,0.142,,,,,,0.144,0.146,0.146,0.149,,,,,,0.149,0.142,0.153,0.143,,,,,,0.145,0.142,0.147,0.15,,,,,
3L3F,14.6667,0.147,0.14,0.143,0.142,,,,,,0.144,0.147,0.152,0.149,,,,,,0.148,0.142,0.153,0.143,,,,,,0.146,0.145,0.15,0.15,,,,,
3L3F,15,0.148,0.14,0.143,0.142,,,,,,0.143,0.147,0.152,0.149,,,,,,0.149,0.142,0.153,0.143,,,,,,0.145,0.142,0.153,0.15,,,,,
3L3F,15.3333,0.151,0.14,0.143,0.142,,,,,,0.143,0.144,0.146,0.149,,,,,,0.148,0.142,0.154,0.143,,,,,,0.148,0.142,0.152,0.15,,,,,
3L3F,15.6667,0.151,0.14,0.143,0.142,,,,,,0.147,0.143,0.146,0.149,,,,,,0.15,0.142,0.154,0.143,,,,,,0.147,0.142,0.147,0.15,,,,,
3L3F,16,0.151,0.141,0.143,0.142,,,,,,0.147,0.148,0.153,0.149,,,,,,0.147,0.142,0.154,0.143,,,,,,0.15,0.144,0.154,0.15,,,,,
3L3F,16.3333,0.149,0.141,0.144,0.142,,,,,,0.143,0.148,0.146,0.149,,,,,,0.149,0.142,0.155,0.143,,,,,,0.149,0.142,0.153,0.15,,,,,
3L3F,16.6667,0.156,0.141,0.145,0.141,,,,,,0.145,0.143,0.152,0.148,,,,,,0.147,0.142,0.155,0.143,,,,,,0.15,0.142,0.151,0.15,,,,,
3L3F,17,0.15,0.141,0.143,0.142,,,,,,0.143,0.148,0.146,0.149,,,,,,0.154,0.142,0.155,0.143,,,,,,0.148,0.146,0.153,0.15,,,,,
3L3F,17.3333,0.154,0.141,0.143,0.142,,,,,,0.146,0.146,0.149,0.149,,,,,,0.153,0.142,0.156,0.143,,,,,,0.148,0.142,0.147,0.15,,,,,
3L3F,17.6667,0.157,0.141,0.146,0.142,,,,,,0.146,0.146,0.15,0.149,,,,,,0.149,0.142,0.155,0.143,,,,,,0.15,0.142,0.149,0.15,,,,,
3L3F,18,0.157,0.141,0.145,0.141,,,,,,0.143,0.144,0.152,0.148,,,,,,0.147,0.142,0.155,0.143,,,,,,0.15,0.145,0.153,0.15,,,,,
3L3F,18.3333,0.153,0.141,0.145,0.141,,,,,,0.147,0.147,0.151,0.148,,,,,,0.151,0.142,0.155,0.143,,,,,,0.148,0.142,0.148,0.149,,,,,
3L3F,18.6667,0.156,0.141,0.143,0.141,,,,,,0.147,0.147,0.147,0.148,,,,,,0.155,0.142,0.155,0.143,,,,,,0.151,0.142,0.148,0.149,,,,,
3L3F,19,0.157,0.141,0.145,0.141,,,,,,0.144,0.145,0.145,0.148,,,,,,0.147,0.142,0.155,0.142,,,,,,0.149,0.142,0.152,0.149,,,,,
3L3F,19.3333,0.158,0.141,0.144,0.141,,,,,,0.147,0.144,0.146,0.148,,,,,,0.15,0.142,0.155,0.142,,,,,,0.149,0.142,0.149,0.149,,,,,
3L3F,19.6667,0.151,0.141,0.146,0.14,,,,,,0.145,0.146,0.148,0.148,,,,,,0.154,0.142,0.155,0.142,,,,,,0.152,0.142,0.146,0.149,,,,,
3L3F,20,0.151,0.141,0.143,0.14,,,,,,0.143,0.148,0.148,0.147,,,,,,0.154,0.142,0.155,0.142,,,,,,0.146,0.142,0.15,0.149,,,,,
3L3F,20.3333,0.159,0.141,0.145,0.14,,,,,,0.146,0.145,0.145,0.147,,,,,,0.15,0.142,0.155,0.142,,,,,,0.148,0.142,0.152,0.149,,,,,
3L3F,20.6667,0.159,0.141,0.146,0.14,,,,,,0.147,0.146,0.146,0.147,,,,,,0.153,0.141,0.155,0.142,,,,,,0.151,0.144,0.148,0.149,,,,,
3L3F,21,0.153,0.141,0.146,0.14,,,,,,0.146,0.146,0.151,0.147,,,,,,0.157,0.141,0.156,0.142,,,,,,0.15,0.142,0.15,0.149,,,,,
3L3F,21.3333,0.159,0.141,0.145,0.139,,,,,,0.147,0.147,0.146,0.147,,,,,,0.155,0.141,0.156,0.142,,,,,,0.15,0.142,0.15,0.149,,,,,
3L3F,21.6667,0.153,0.141,0.146,0.139,,,,,,0.147,0.147,0.144,0.147,,,,,,0.154,0.141,0.156,0.141,,,,,,0.15,0.142,0.151,0.148,,,,,
3L3F,22,0.16,0.141,0.143,0.139,,,,,,0.144,0.143,0.146,0.147,,,,,,0.15,0.141,0.156,0.141,,,,,,0.148,0.142,0.15,0.148,,,,,
3L3F,22.3333,0.153,0.141,0.146,0.139,,,,,,0.147,0.143,0.145,0.147,,,,,,0.15,0.141,0.156,0.141,,,,,,0.151,0.142,0.15,0.148,,,,,
3L3F,22.6667,0.155,0.14,0.144,0.139,,,,,,0.146,0.151,0.149,0.146,,,,,,0.148,0.141,0.157,0.141,,,,,,0.152,0.146,0.148,0.148,,,,,
3L3F,23,0.154,0.141,0.145,0.139,,,,,,0.144,0.144,0.149,0.146,,,,,,0.148,0.141,0.157,0.141,,,,,,0.151,0.142,0.151,0.148,,,,,
3L3F,23.3333,0.156,0.14,0.142,0.139,,,,,,0.144,0.146,0.15,0.146,,,,,,0.158,0.141,0.158,0.141,,,,,,0.147,0.142,0.146,0.148,,,,,
3L3F,23.6667,0.154,0.14,0.142,0.138,,,,,,0.143,0.143,0.143,0.146,,,,,,0.157,0.141,0.158,0.141,,,,,,0.149,0.142,0.145,0.147,,,,,
3L3F,24,0.157,0.14,0.142,0.138,,,,,,0.144,0.153,0.149,0.146,,,,,,0.148,0.141,0.159,0.141,,,,,,0.147,0.142,0.146,0.147,,,,,
LB,0,0.0854,0.0852,0.0826,0.0811,,,,,,0.0866,0.0898,0.0878,0.0847,,,,,,0.0805,0.0921,0.0856,0.0795,,,,,,0.0853,0.0968,0.0831,0.097,,,,,
LB,0.3333,0.0874,0.0822,0.0824,0.084,,,,,,0.0833,0.0839,0.082,0.0829,,,,,,0.0838,0.0833,0.0825,0.081,,,,,,0.0827,0.0868,0.0828,0.0911,,,,,
LB,0.6667,0.0898,0.0857,0.0834,0.0848,,,,,,0.0855,0.085,0.0831,0.0835,,,,,,0.0855,0.0846,0.0835,0.0818,,,,,,0.0844,0.0883,0.0835,0.0912,,,,,
LB,1,0.0932,0.0877,0.084,0.0855,,,,,,0.089,0.0867,0.0835,0.0838,,,,,,0.0887,0.0861,0.0841,0.0823,,,,,,0.0874,0.0905,0.0845,0.0915,,,,,
LB,1.3333,0.1007,0.0902,0.0855,0.0861,,,,,,0.0961,0.0896,0.0854,0.0845,,,,,,0.0961,0.089,0.0857,0.0834,,,,,,0.0954,0.0921,0.0867,0.0924,,,,,
LB,1.6667,0.115,0.0937,0.0869,0.0869,,,,,,0.1094,0.0928,0.0866,0.0853,,,,,,0.1105,0.0929,0.0871,0.0847,,,,,,0.1114,0.096,0.0878,0.0924,,,,,
LB,2,0.1442,0.0993,0.0885,0.0883,,,,,,0.1356,0.0989,0.0886,0.0866,,,,,,0.137,0.0993,0.0889,0.0861,,,,,,0.1425,0.1021,0.0898,0.0938,,,,,
LB,2.3333,0.1854,0.1092,0.0906,0.0891,,,,,,0.18,0.1076,0.0912,0.0879,,,,,,0.1821,0.1085,0.0913,0.0875,,,,,,0.1899,0.1107,0.0918,0.0953,,,,,
LB,2.6667,0.2467,0.125,0.0939,0.0908,,,,,,0.2374,0.1211,0.0939,0.089,,,,,,0.2409,0.1237,0.0939,0.0897,,,,,,0.2493,0.1246,0.0953,0.097,,,,,
LB,3,0.3118,0.1491,0.0984,0.0931,,,,,,0.3041,0.1426,0.0983,0.0926,,,,,,0.3074,0.1477,0.0985,0.0929,,,,,,0.3188,0.1466,0.0996,0.1005,,,,,
LB,3.3333,0.3762,0.1764,0.1047,0.0961,,,,,,0.3749,0.1703,0.104,0.0961,,,,,,0.3774,0.1785,0.104,0.0965,,,,,,0.3916,0.174,0.1061,0.103,,,,,
LB,3.6667,0.4258,0.2047,0.1133,0.0997,,,,,,0.425,0.1962,0.1119,0.0994,,,,,,0.4287,0.2089,0.1119,0.1001,,,,,,0.4459,0.2003,0.1138,0.1066,,,,,
LB,4,0.4622,0.2333,0.1236,0.1035,,,,,,0.4627,0.2241,0.1208,0.1029,,,,,,0.4675,0.2401,0.121,0.1031,,,,,,0.4876,0.2288,0.1225,0.1104,,,,,
LB,4.3333,0.4792,0.2596,0.1351,0.1082,,,,,,0.4839,0.2503,0.1307,0.1067,,,,,,0.4894,0.2699,0.1314,0.1066,,,,,,0.5116,0.2544,0.1327,0.1148,,,,,
LB,4.6667,0.4923,0.285,0.1482,0.1137,,,,,,0.4978,0.2767,0.1426,0.1106,,,,,,0.5029,0.2982,0.1433,0.1106,,,,,,0.526,0.2788,0.1446,0.1192,,,,,
LB,5,0.4993,0.3085,0.1621,0.1193,,,,,,0.5063,0.3047,0.1556,0.1157,,,,,,0.5106,0.3284,0.1564,0.1157,,,,,,0.5361,0.3046,0.1571,0.1242,,,,,
LB,5.3333,0.5064,0.3206,0.1769,0.1259,,,,,,0.5114,0.3212,0.1698,0.1213,,,,,,0.5162,0.3427,0.1701,0.121,,,,,,0.5415,0.3155,0.1706,0.1294,,,,,
LB,5.6667,0.5109,0.3386,0.1906,0.1336,,,,,,0.5137,0.3422,0.1846,0.1276,,,,,,0.52,0.3632,0.1838,0.127,,,,,,0.5447,0.3346,0.1833,0.1358,,,,,
LB,6,0.515,0.3444,0.2028,0.1413,,,,,,0.5141,0.3556,0.1977,0.1345,,,,,,0.5219,0.376,0.196,0.1335,,,,,,0.5489,0.3397,0.1951,0.1426,,,,,
LB,6.3333,0.5216,0.3523,0.2125,0.1499,,,,,,0.5149,0.3648,0.2088,0.1422,,,,,,0.5233,0.3853,0.206,0.1409,,,,,,0.5511,0.3465,0.2047,0.1501,,,,,
LB,6.6667,0.5258,0.3595,0.2217,0.1585,,,,,,0.5159,0.3737,0.2185,0.1506,,,,,,0.5239,0.3919,0.2145,0.1485,,,,,,0.5532,0.3524,0.2125,0.1576,,,,,
LB,7,0.528,0.3674,0.2303,0.1672,,,,,,0.5175,0.3822,0.2279,0.1583,,,,,,0.5255,0.3995,0.2227,0.1558,,,,,,0.5542,0.3584,0.2212,0.166,,,,,
LB,7.3333,0.5296,0.3727,0.2382,0.176,,,,,,0.5192,0.3875,0.2364,0.1664,,,,,,0.5247,0.4041,0.2304,0.1634,,,,,,0.556,0.364,0.2276,0.1735,,,,,
LB,7.6667,0.5311,0.3745,0.2453,0.1838,,,,,,0.5202,0.3889,0.2445,0.1743,,,,,,0.5255,0.4049,0.2371,0.1709,,,,,,0.5581,0.3648,0.2346,0.181,,,,,
LB,8,0.5329,0.3749,0.2515,0.1905,,,,,,0.5216,0.3893,0.2522,0.1825,,,,,,0.5257,0.4046,0.2439,0.1785,,,,,,0.5626,0.365,0.2399,0.1874,,,,,
LB,8.3333,0.5335,0.3747,0.2567,0.197,,,,,,0.5222,0.3886,0.2582,0.1898,,,,,,0.5253,0.4035,0.2484,0.1852,,,,,,0.5634,0.3643,0.2444,0.1936,,,,,
LB,8.6667,0.536,0.3749,0.2621,0.2015,,,,,,0.5237,0.3891,0.2637,0.1958,,,,,,0.5258,0.4038,0.253,0.1908,,,,,,0.5653,0.3649,0.2484,0.1981,,,,,
LB,9,0.5367,0.3748,0.2681,0.2052,,,,,,0.5243,0.389,0.2696,0.2006,,,,,,0.5266,0.4035,0.2577,0.1951,,,,,,0.5662,0.365,0.2529,0.202,,,,,
LB,9.3333,0.5382,0.3758,0.276,0.2088,,,,,,0.5256,0.3885,0.2776,0.2041,,,,,,0.5273,0.4032,0.264,0.1981,,,,,,0.5673,0.3657,0.2586,0.2053,,,,,
LB,9.6667,0.5386,0.3765,0.2794,0.2123,,,,,,0.5258,0.3879,0.2815,0.2071,,,,,,0.5275,0.4029,0.2701,0.201,,,,,,0.5684,0.3653,0.2646,0.2085,,,,,
LB,10,0.5408,0.3771,0.2819,0.2153,,,,,,0.5278,0.3889,0.2835,0.2098,,,,,,0.5281,0.4036,0.2717,0.2031,,,,,,0.5699,0.366,0.2655,0.2117,,,,,
LB,10.3333,0.5423,0.3779,0.2851,0.2186,,,,,,0.5289,0.3894,0.287,0.2122,,,,,,0.5296,0.4034,0.2736,0.2049,,,,,,0.5706,0.3663,0.2674,0.2146,,,,,
LB,10.6667,0.5434,0.3786,0.2895,0.2212,,,,,,0.5303,0.3894,0.2923,0.2144,,,,,,0.5303,0.4029,0.277,0.2065,,,,,,0.5725,0.3665,0.2705,0.217,,,,,
LB,11,0.5444,0.3788,0.295,0.2241,,,,,,0.5292,0.3892,0.2988,0.2163,,,,,,0.5297,0.4025,0.2811,0.2084,,,,,,0.5727,0.3667,0.2747,0.2198,,,,,
LB,11.3333,0.5445,0.3794,0.3012,0.2269,,,,,,0.5297,0.3892,0.3055,0.2181,,,,,,0.5298,0.4023,0.286,0.21,,,,,,0.5731,0.3664,0.2796,0.2223,,,,,
LB,11.6667,0.5447,0.3793,0.3076,0.2302,,,,,,0.5301,0.3888,0.3129,0.2194,,,,,,0.5301,0.4012,0.2912,0.2113,,,,,,0.5725,0.3669,0.2851,0.2249,,,,,
LB,12,0.5462,0.38,0.3139,0.2331,,,,,,0.5319,0.3888,0.3214,0.2213,,,,,,0.5309,0.4012,0.297,0.213,,,,,,0.5726,0.3667,0.2901,0.2277,,,,,
LB,12.3333,0.5468,0.3803,0.3197,0.2364,,,,,,0.5316,0.3887,0.3292,0.2224,,,,,,0.5307,0.4008,0.3027,0.2139,,,,,,0.5733,0.3669,0.2957,0.2315,,,,,
LB,12.6667,0.547,0.3803,0.3263,0.2401,,,,,,0.5315,0.3878,0.3379,0.2239,,,,,,0.5299,0.4002,0.3079,0.2152,,,,,,0.5733,0.3669,0.3005,0.2363,,,,,
LB,13,0.5474,0.3815,0.3308,0.2447,,,,,,0.5318,0.3877,0.3421,0.2251,,,,,,0.5306,0.4002,0.3125,0.2163,,,,,,0.5741,0.3673,0.3044,0.241,,,,,
LB,13.3333,0.5476,0.3819,0.3345,0.2494,,,,,,0.5318,0.3875,0.346,0.2267,,,,,,0.5313,0.3999,0.3158,0.2177,,,,,,0.5741,0.3671,0.3067,0.243,,,,,
LB,13.6667,0.548,0.3819,0.3363,0.2536,,,,,,0.5327,0.3873,0.3492,0.2281,,,,,,0.5317,0.3993,0.3176,0.2194,,,,,,0.5749,0.3675,0.3075,0.2435,,,,,
LB,14,0.5485,0.3825,0.3374,0.2546,,,,,,0.5328,0.3875,0.3505,0.23,,,,,,0.5315,0.3992,0.3182,0.2208,,,,,,0.5751,0.368,0.3075,0.2452,,,,,
LB,14.3333,0.5485,0.3828,0.3382,0.2557,,,,,,0.5331,0.387,0.3511,0.2319,,,,,,0.5321,0.3989,0.3186,0.2226,,,,,,0.5754,0.3684,0.3083,0.2485,,,,,
LB,14.6667,0.549,0.3834,0.3389,0.2578,,,,,,0.5339,0.387,0.3513,0.2339,,,,,,0.5333,0.3985,0.3187,0.2244,,,,,,0.5757,0.3681,0.3081,0.2515,,,,,
LB,15,0.5488,0.3832,0.3389,0.2606,,,,,,0.5338,0.3872,0.3511,0.2359,,,,,,0.5328,0.398,0.3183,0.2265,,,,,,0.5755,0.3683,0.3075,0.2558,,,,,
LB,15.3333,0.5489,0.3834,0.3395,0.2641,,,,,,0.5343,0.3872,0.3505,0.2383,,,,,,0.5324,0.3979,0.3178,0.2285,,,,,,0.5756,0.3679,0.3073,0.2606,,,,,
LB,15.6667,0.5491,0.3833,0.3397,0.2682,,,,,,0.5339,0.3878,0.3502,0.241,,,,,,0.5319,0.3975,0.3176,0.2312,,,,,,0.5763,0.3681,0.3067,0.2669,,,,,
LB,16,0.5493,0.3832,0.3391,0.2727,,,,,,0.5342,0.3868,0.3489,0.2431,,,,,,0.5324,0.3973,0.317,0.233,,,,,,0.5762,0.3678,0.3061,0.2743,,,,,
LB,16.3333,0.5498,0.3832,0.3387,0.2776,,,,,,0.5345,0.3867,0.3474,0.2436,,,,,,0.5324,0.3974,0.3165,0.2339,,,,,,0.5764,0.3682,0.3057,0.2779,,,,,
LB,16.6667,0.5499,0.3832,0.3376,0.2828,,,,,,0.5347,0.3867,0.3446,0.2436,,,,,,0.5326,0.3977,0.3153,0.234,,,,,,0.5764,0.3691,0.3053,0.2813,,,,,
LB,17,0.5494,0.3834,0.3359,0.2897,,,,,,0.5344,0.3857,0.3422,0.2446,,,,,,0.5321,0.3971,0.3136,0.2348,,,,,,0.5763,0.3689,0.3036,0.2853,,,,,
LB,17.3333,0.5495,0.3849,0.335,0.297,,,,,,0.5345,0.3865,0.3404,0.2455,,,,,,0.5315,0.398,0.3122,0.2352,,,,,,0.5764,0.3706,0.3022,0.2896,,,,,
LB,17.6667,0.5497,0.3848,0.3335,0.3008,,,,,,0.5348,0.3891,0.3383,0.2466,,,,,,0.5325,0.3984,0.3103,0.2365,,,,,,0.5768,0.3722,0.3009,0.2945,,,,,
LB,18,0.5499,0.3838,0.3325,0.3046,,,,,,0.5346,0.3916,0.3364,0.248,,,,,,0.5321,0.3964,0.3088,0.2378,,,,,,0.5765,0.3716,0.2994,0.2998,,,,,
LB,18.3333,0.549,0.3829,0.3324,0.3087,,,,,,0.5341,0.3909,0.3352,0.2495,,,,,,0.5321,0.3959,0.3073,0.2393,,,,,,0.5766,0.3708,0.2979,0.3056,,,,,
LB,18.6667,0.5493,0.3827,0.3311,0.3137,,,,,,0.5341,0.3898,0.3333,0.2513,,,,,,0.5323,0.3945,0.3057,0.2409,,,,,,0.5767,0.3702,0.2962,0.3114,,,,,
LB,19,0.5497,0.3818,0.3315,0.3187,,,,,,0.5344,0.3891,0.3326,0.2532,,,,,,0.5318,0.3934,0.3042,0.2426,,,,,,0.5768,0.3695,0.2954,0.3173,,,,,
LB,19.3333,0.5495,0.3809,0.3311,0.3242,,,,,,0.5344,0.3871,0.3315,0.2556,,,,,,0.5316,0.3924,0.303,0.2445,,,,,,0.5767,0.3683,0.2943,0.3233,,,,,
LB,19.6667,0.5497,0.3793,0.331,0.3295,,,,,,0.5346,0.3858,0.3308,0.2579,,,,,,0.5318,0.3912,0.302,0.2471,,,,,,0.5771,0.3674,0.2936,0.33,,,,,
LB,20,0.5505,0.3782,0.3307,0.3354,,,,,,0.5352,0.3844,0.3291,0.26,,,,,,0.5323,0.3898,0.3007,0.2491,,,,,,0.5771,0.367,0.2923,0.3358,,,,,
LB,20.3333,0.5497,0.3771,0.3304,0.3413,,,,,,0.5343,0.3828,0.3277,0.2622,,,,,,0.5317,0.3882,0.2996,0.2512,,,,,,0.5767,0.3658,0.2913,0.3423,,,,,
LB,20.6667,0.5503,0.376,0.3297,0.3474,,,,,,0.535,0.381,0.3265,0.2646,,,,,,0.5323,0.3864,0.2985,0.2534,,,,,,0.5771,0.3648,0.2903,0.3484,,,,,
LB,21,0.5504,0.3759,0.3292,0.3528,,,,,,0.535,0.3793,0.3248,0.2666,,,,,,0.5321,0.3865,0.2971,0.2558,,,,,,0.5769,0.3635,0.2891,0.3538,,,,,
LB,21.3333,0.5503,0.375,0.3288,0.3587,,,,,,0.535,0.3758,0.3236,0.2689,,,,,,0.5321,0.3857,0.2963,0.2581,,,,,,0.5772,0.3637,0.2883,0.3594,,,,,
LB,21.6667,0.5502,0.3735,0.3281,0.3643,,,,,,0.5352,0.373,0.3224,0.2712,,,,,,0.5319,0.3844,0.2953,0.2606,,,,,,0.5773,0.3625,0.2874,0.3649,,,,,
LB,22,0.55,0.3737,0.3279,0.3703,,,,,,0.5351,0.3713,0.3219,0.2733,,,,,,0.5323,0.3857,0.2946,0.2635,,,,,,0.5772,0.3612,0.2865,0.3701,,,,,
LB,22.3333,0.5499,0.3715,0.3265,0.375,,,,,,0.5353,0.3681,0.3196,0.2756,,,,,,0.5323,0.3845,0.2933,0.2656,,,,,,0.5771,0.3595,0.2854,0.3748,,,,,
LB,22.6667,0.5502,0.3693,0.3259,0.3804,,,,,,0.5354,0.3667,0.3182,0.2778,,,,,,0.5317,0.3849,0.2924,0.2675,,,,,,0.577,0.3585,0.2847,0.3803,,,,,
LB,23,0.5505,0.3681,0.3245,0.3855,,,,,,0.536,0.3655,0.3167,0.28,,,,,,0.5329,0.3839,0.2915,0.27,,,,,,0.5774,0.3575,0.2837,0.3863,,,,,
LB,23.3333,0.5503,0.3664,0.3238,0.3908,,,,,,0.5359,0.3626,0.3149,0.2818,,,,,,0.5322,0.3836,0.29,0.2719,,,,,,0.5772,0.3551,0.2828,0.3924,,,,,
LB,23.6667,0.5501,0.3635,0.3222,0.3963,,,,,,0.5354,0.3607,0.3134,0.284,,,,,,0.5313,0.3825,0.2893,0.2745,,,,,,0.5771,0.353,0.2821,0.3996,,,,,
LB,24,0.5504,0.3604,0.3199,0.4026,,,,,,0.5359,0.3581,0.3108,0.2855,,,,,,0.5327,0.382,0.288,0.2755,,,,,,0.5774,0.3523,0.2809,0.4062,,,,,